order_id,customer_id,customer_name,product_name,category,quantity,unit_price,amount,order_date
1,CUST-0175,"Liam Kim","TitanGrip Phone Case",Accessories,2,17.62,35.24,2026-02-11 22:20:00
2,CUST-0042,"Isabella Walker","TitanGrip Phone Case",Accessories,1,24.89,24.89,2026-01-04 22:48:00
3,CUST-0185,"Mason Brown","CableBox Organizer",Home & Office,3,22.57,67.71,2026-01-08 05:58:00
4,CUST-0066,"Luna Walker","FlexFit Joggers",Apparel,3,62.25,186.75,2026-01-20 07:22:00
5,CUST-0102,"Ella King","ClearView 27in Monitor",Electronics,3,263.62,790.86,2025-11-19 06:32:00
6,CUST-0102,"Ella King","CloudStep Running Shoes",Apparel,2,94.74,189.48,2025-11-20 16:40:00
7,CUST-0041,"Lucas Harris","AirPure Mini Humidifier",Home & Office,3,27.27,81.81,2026-02-05 00:58:00
8,CUST-0173,"Luna Thomas","FlexMount Monitor Arm",Electronics,1,45.07,45.07,2026-02-15 20:57:00
9,CUST-0181,"Logan Scott","TitanGrip Phone Case",Accessories,3,15.8,47.4,2026-01-06 22:32:00
10,CUST-0103,"Harper Miller","LumiBar LED Desk Lamp",Home & Office,2,30.32,60.64,2025-12-25 11:19:00
11,CUST-0037,"Amelia Allen","FlexMount Monitor Arm",Electronics,3,40.57,121.71,2026-01-03 14:33:00
12,CUST-0010,"James Anderson","ThermoMug Smart Warmer",Home & Office,2,32.02,64.04,2025-12-20 09:18:00
13,CUST-0120,"Aiden Taylor","GlideWrist Ergonomic Wrist Rest",Accessories,3,15.07,45.21,2025-11-30 10:30:00
14,CUST-0098,"Liam Johnson","FlexFit Joggers",Apparel,2,62.03,124.06,2025-12-29 12:02:00
15,CUST-0194,"Ella Miller","PowerBank 20000mAh",Accessories,4,37.38,149.52,2026-02-13 12:58:00
16,CUST-0099,"Amelia Robinson","SnapLens Webcam Cover 3-Pack",Accessories,3,6.63,19.89,2025-12-09 01:05:00
17,CUST-0132,"Ethan Walker","QuickCharge 65W USB-C Adapter",Electronics,1,40.86,40.86,2026-02-15 08:46:00
18,CUST-0125,"Evelyn Taylor","FlexMount Monitor Arm",Electronics,3,43.18,129.54,2025-12-14 19:00:00
19,CUST-0137,"Amelia Johnson","SnapLens Webcam Cover 3-Pack",Accessories,1,9.49,9.49,2026-01-19 02:10:00
20,CUST-0127,"Noah Green","StreamDeck Mini Controller",Electronics,2,69.91,139.82,2026-02-09 21:56:00
21,CUST-0129,"Oliver Thomas","TitanGrip Phone Case",Accessories,2,27.51,55.02,2026-01-24 21:50:00
22,CUST-0196,"Daniel Young","ClearView 27in Monitor",Electronics,3,306.67,920.01,2026-01-10 20:07:00
23,CUST-0155,"Isabella Clark","Superstrike 2 Wireless Mouse",Electronics,1,78.18,78.18,2026-02-16 11:29:00
24,CUST-0012,"Harper Chen","AllWeather Zip Hoodie",Apparel,2,65.13,130.26,2025-12-11 03:49:00
25,CUST-0149,"Harper Allen","DryFit Performance Tee",Apparel,1,30.89,30.89,2025-12-07 22:36:00
26,CUST-0118,"Ava Lewis","ErgoRise Standing Desk Mat",Home & Office,2,42.69,85.38,2025-12-24 18:44:00
27,CUST-0185,"Mason Brown","GlideWrist Ergonomic Wrist Rest",Accessories,2,18.37,36.74,2025-12-29 12:07:00
28,CUST-0139,"Emma Brown","NanoHub 7-Port USB Hub",Electronics,4,29.16,116.64,2026-02-06 08:41:00
29,CUST-0197,"Mia Williams","AirPure Mini Humidifier",Home & Office,3,29.77,89.31,2026-01-04 12:45:00
30,CUST-0193,"Lily Harris","SoundPulse ANC Headphones",Electronics,4,155.61,622.44,2026-01-26 06:43:00
31,CUST-0189,"Alex Scott","CloudStep Running Shoes",Apparel,1,100.93,100.93,2026-01-21 07:26:00
32,CUST-0180,"Mason King","DryFit Performance Tee",Apparel,3,30.86,92.58,2025-12-07 01:23:00
33,CUST-0091,"Henry Taylor","ThermoMug Smart Warmer",Home & Office,3,31.12,93.36,2026-02-10 11:18:00
34,CUST-0077,"Aiden Clark","NanoHub 7-Port USB Hub",Electronics,1,26.48,26.48,2026-02-03 10:33:00
35,CUST-0140,"Alex Robinson","MechForce TKL Keyboard",Electronics,3,101.14,303.42,2026-01-03 03:40:00
36,CUST-0124,"Amelia Lee","LumiBar LED Desk Lamp",Home & Office,3,33.98,101.94,2026-01-28 14:09:00
37,CUST-0191,"James Miller","LumiBar LED Desk Lamp",Home & Office,1,42.23,42.23,2025-12-19 13:36:00
38,CUST-0076,"Henry Davis","ClearView 27in Monitor",Electronics,4,267.37,1069.48,2026-02-15 15:55:00
39,CUST-0107,"Isabella King","CableBox Organizer",Home & Office,3,18.25,54.75,2025-12-28 23:06:00
40,CUST-0177,"Ella Robinson","Superstrike 2 USB-C Dongle",Electronics,1,16.93,16.93,2025-12-24 23:34:00
41,CUST-0065,"Ava Smith","FlexMount Monitor Arm",Electronics,1,52.42,52.42,2025-12-04 06:25:00
42,CUST-0099,"Amelia Robinson","AirPure Mini Humidifier",Home & Office,3,26.12,78.36,2025-11-19 06:35:00
43,CUST-0009,"Alex Clark","MechForce TKL Keyboard",Electronics,1,103.55,103.55,2025-12-17 23:33:00
44,CUST-0076,"Henry Davis","PixelClean Screen Wipes 50ct",Accessories,3,8.73,26.19,2025-12-20 05:25:00
45,CUST-0053,"Luna Robinson","Superstrike 2 USB-C Dongle",Electronics,3,15.58,46.74,2025-11-25 10:15:00
46,CUST-0116,"Harper Walker","Superstrike 2 Mousepad XL",Electronics,3,26.89,80.67,2025-12-09 06:02:00
47,CUST-0091,"Henry Taylor","ErgoRise Standing Desk Mat",Home & Office,1,41.04,41.04,2026-01-26 00:36:00
48,CUST-0004,"Mason Clark","PixelClean Screen Wipes 50ct",Accessories,3,7.61,22.83,2026-02-08 19:13:00
49,CUST-0196,"Daniel Young","SnapLens Webcam Cover 3-Pack",Accessories,3,8.52,25.56,2026-01-14 16:48:00
50,CUST-0001,"Logan Taylor","SnapLens Webcam Cover 3-Pack",Accessories,4,6.12,24.48,2026-02-12 11:03:00
51,CUST-0135,"Evelyn Young","CloudStep Running Shoes",Apparel,1,110.63,110.63,2025-12-15 11:10:00
52,CUST-0046,"Oliver Lee","CableBox Organizer",Home & Office,1,15.73,15.73,2025-12-01 12:27:00
53,CUST-0042,"Isabella Walker","Superstrike 2 Wireless Mouse",Electronics,3,78.51,235.53,2026-01-29 13:04:00
54,CUST-0154,"Lily Hall","MechForce TKL Keyboard",Electronics,1,92.75,92.75,2026-01-01 22:24:00
55,CUST-0132,"Ethan Walker","ThermoMug Smart Warmer",Home & Office,1,35.26,35.26,2026-01-03 01:12:00
56,CUST-0045,"Lily Wright","ErgoRise Standing Desk Mat",Home & Office,1,43.97,43.97,2026-02-06 21:24:00
57,CUST-0112,"Charlotte Walker","ErgoRise Standing Desk Mat",Home & Office,1,48.57,48.57,2025-12-23 10:23:00
58,CUST-0130,"Liam Allen","DryFit Performance Tee",Apparel,4,29.85,119.4,2025-12-17 08:33:00
59,CUST-0131,"Emma Wilson","ErgoRise Standing Desk Mat",Home & Office,1,58.43,58.43,2026-01-21 13:06:00
60,CUST-0020,"Elijah Harris","AirPure Mini Humidifier",Home & Office,3,27.39,82.17,2025-12-14 03:17:00
61,CUST-0072,"Elijah Jones","GlideWrist Ergonomic Wrist Rest",Accessories,1,22.4,22.4,2026-01-19 04:44:00
62,CUST-0074,"Oliver Robinson","QuickCharge 65W USB-C Adapter",Electronics,1,40.63,40.63,2026-02-11 05:58:00
63,CUST-0160,"Amelia King","Superstrike 2 USB-C Dongle",Electronics,3,17.25,51.75,2026-01-29 20:25:00
64,CUST-0061,"James Hall","TitanGrip Phone Case",Accessories,4,24.98,99.92,2026-01-17 03:25:00
65,CUST-0197,"Mia Williams","StreamDeck Mini Controller",Electronics,2,55.83,111.66,2025-12-28 03:49:00
66,CUST-0129,"Oliver Thomas","TitanGrip Phone Case",Accessories,3,28.04,84.12,2025-11-30 21:30:00
67,CUST-0078,"Elijah Harris","SnapLens Webcam Cover 3-Pack",Accessories,1,8.02,8.02,2026-02-16 08:17:00
68,CUST-0034,"Liam Walker","SoundPulse ANC Headphones",Electronics,1,178.44,178.44,2026-01-16 18:09:00
69,CUST-0163,"Mason Green","QuickCharge 65W USB-C Adapter",Electronics,3,33.83,101.49,2026-02-14 18:15:00
70,CUST-0179,"Mason Walker","AirPure Mini Humidifier",Home & Office,1,29.52,29.52,2026-02-03 14:13:00
71,CUST-0126,"Noah Chen","CloudStep Running Shoes",Apparel,2,102.21,204.42,2025-11-23 16:55:00
72,CUST-0176,"Mia Allen","FlexFit Joggers",Apparel,3,47.36,142.08,2025-12-09 02:27:00
73,CUST-0174,"Emma Johnson","ErgoRise Standing Desk Mat",Home & Office,2,40.88,81.76,2026-02-02 12:03:00
74,CUST-0114,"Noah Smith","CableBox Organizer",Home & Office,1,21.77,21.77,2026-02-03 05:01:00
75,CUST-0133,"Elijah Garcia","QuickCharge 65W USB-C Adapter",Electronics,1,33.37,33.37,2025-12-01 12:22:00
76,CUST-0078,"Elijah Harris","AllWeather Zip Hoodie",Apparel,1,66.51,66.51,2026-01-06 03:31:00
77,CUST-0096,"Ella King","AirPure Mini Humidifier",Home & Office,2,30.25,60.5,2025-12-12 21:52:00
78,CUST-0067,"Mason Jones","ClearView 27in Monitor",Electronics,3,303.1,909.3,2025-12-19 05:59:00
79,CUST-0100,"Daniel Adams","Superstrike 2 Mousepad XL",Electronics,3,27.35,82.05,2026-01-03 22:29:00
80,CUST-0168,"Grace Lee","PixelClean Screen Wipes 50ct",Accessories,1,11.12,11.12,2025-12-15 23:56:00
81,CUST-0055,"Noah Lewis","SoundPulse ANC Headphones",Electronics,3,136.55,409.65,2026-02-02 21:17:00
82,CUST-0147,"Amelia King","PixelClean Screen Wipes 50ct",Accessories,2,11.55,23.1,2025-12-24 15:39:00
83,CUST-0040,"Charlotte Harris","Superstrike 2 Mousepad XL",Electronics,2,27.77,55.54,2025-11-22 12:17:00
84,CUST-0196,"Daniel Young","QuickCharge 65W USB-C Adapter",Electronics,3,34.49,103.47,2026-01-13 20:01:00
85,CUST-0153,"Elijah Adams","AllWeather Zip Hoodie",Apparel,4,75.08,300.32,2025-12-06 21:06:00
86,CUST-0075,"Mia Miller","CableBox Organizer",Home & Office,1,14.99,14.99,2025-12-21 06:20:00
87,CUST-0045,"Lily Wright","TitanGrip Phone Case",Accessories,1,17.19,17.19,2026-02-08 13:02:00
88,CUST-0069,"Ethan Adams","NanoHub 7-Port USB Hub",Electronics,4,22.25,89,2026-01-30 07:26:00
89,CUST-0180,"Mason King","FlexFit Joggers",Apparel,4,58.9,235.6,2025-12-24 06:45:00
90,CUST-0083,"Isabella Kim","SoundPulse ANC Headphones",Electronics,3,158.11,474.33,2025-12-11 03:06:00
91,CUST-0190,"Olivia Smith","FlexFit Joggers",Apparel,1,55.15,55.15,2025-12-03 02:11:00
92,CUST-0013,"Mason Smith","Superstrike 2 Mousepad XL",Electronics,2,26.29,52.58,2026-01-02 15:48:00
93,CUST-0016,"Ava King","Superstrike 2 Wireless Mouse",Electronics,1,78.76,78.76,2025-12-02 02:31:00
94,CUST-0067,"Mason Jones","AirPure Mini Humidifier",Home & Office,1,30.32,30.32,2026-01-18 00:02:00
95,CUST-0108,"Noah Miller","Superstrike 2 Mousepad XL",Electronics,4,31.51,126.04,2026-02-13 08:28:00
96,CUST-0196,"Daniel Young","NanoHub 7-Port USB Hub",Electronics,1,24.8,24.8,2026-01-24 03:29:00
97,CUST-0090,"Amelia King","Superstrike 2 Mousepad XL",Electronics,2,26.32,52.64,2026-02-16 05:47:00
98,CUST-0087,"Luna Scott","GlideWrist Ergonomic Wrist Rest",Accessories,4,19.16,76.64,2026-01-02 06:05:00
99,CUST-0040,"Charlotte Harris","FlexFit Joggers",Apparel,3,57.25,171.75,2026-01-28 20:26:00
100,CUST-0051,"Jack Kim","AirPure Mini Humidifier",Home & Office,1,26.9,26.9,2026-02-12 00:40:00
101,CUST-0048,"Alex Davis","FlexMount Monitor Arm",Electronics,1,50.61,50.61,2026-02-16 01:11:00
102,CUST-0133,"Elijah Garcia","LumiBar LED Desk Lamp",Home & Office,1,32.52,32.52,2026-02-08 16:47:00
103,CUST-0113,"Noah Jones","ErgoRise Standing Desk Mat",Home & Office,3,49.87,149.61,2025-12-10 21:37:00
104,CUST-0048,"Alex Davis","FlexFit Joggers",Apparel,4,60.38,241.52,2025-12-13 20:49:00
105,CUST-0037,"Amelia Allen","MechForce TKL Keyboard",Electronics,4,109.34,437.36,2026-01-11 05:24:00
106,CUST-0175,"Liam Kim","StreamDeck Mini Controller",Electronics,2,67.5,135,2025-12-22 11:29:00
107,CUST-0184,"Sophia Anderson","SoundPulse ANC Headphones",Electronics,1,151.29,151.29,2026-02-02 15:09:00
108,CUST-0121,"Oliver Davis","Superstrike 2 Mousepad XL",Electronics,4,31.08,124.32,2026-01-30 00:13:00
109,CUST-0147,"Amelia King","SnapLens Webcam Cover 3-Pack",Accessories,1,5.5,5.5,2026-01-16 06:14:00
110,CUST-0111,"Sebastian Wright","CloudStep Running Shoes",Apparel,4,112.17,448.68,2026-02-03 08:57:00
111,CUST-0005,"Ella Anderson","TitanGrip Phone Case",Accessories,1,16.15,16.15,2026-02-03 00:33:00
112,CUST-0020,"Elijah Harris","AllWeather Zip Hoodie",Apparel,4,66.79,267.16,2026-01-27 09:01:00
113,CUST-0116,"Harper Walker","Superstrike 2 USB-C Dongle",Electronics,1,15.16,15.16,2026-02-08 18:18:00
114,CUST-0077,"Aiden Clark","SoundPulse ANC Headphones",Electronics,2,135.82,271.64,2026-02-10 01:04:00
115,CUST-0081,"Alex Williams","Superstrike 2 Mousepad XL",Electronics,1,30.82,30.82,2025-11-19 00:35:00
116,CUST-0083,"Isabella Kim","Superstrike 2 USB-C Dongle",Electronics,3,15.89,47.67,2025-11-29 13:24:00
117,CUST-0086,"Aiden Wilson","QuickCharge 65W USB-C Adapter",Electronics,3,32.77,98.31,2025-12-29 13:38:00
118,CUST-0188,"Olivia Young","ClearView 27in Monitor",Electronics,3,289.88,869.64,2026-01-25 03:30:00
119,CUST-0195,"Evelyn Chen","TitanGrip Phone Case",Accessories,1,17.26,17.26,2026-02-13 16:30:00
120,CUST-0006,"Sophia Wright","TitanGrip Phone Case",Accessories,3,22.03,66.09,2025-12-30 18:08:00
121,CUST-0035,"Sebastian Jones","TitanGrip Phone Case",Accessories,2,29.52,59.04,2025-12-15 22:49:00
122,CUST-0091,"Henry Taylor","MechForce TKL Keyboard",Electronics,4,112.72,450.88,2025-11-25 05:50:00
123,CUST-0145,"Ethan Green","ThermoMug Smart Warmer",Home & Office,1,33.06,33.06,2026-02-10 12:03:00
124,CUST-0107,"Isabella King","StreamDeck Mini Controller",Electronics,2,55,110,2026-02-03 04:54:00
125,CUST-0198,"Chloe Thomas","MechForce TKL Keyboard",Electronics,1,96.7,96.7,2025-11-28 01:28:00
126,CUST-0133,"Elijah Garcia","GlideWrist Ergonomic Wrist Rest",Accessories,2,20.48,40.96,2026-01-21 10:43:00
127,CUST-0024,"Amelia Williams","GlideWrist Ergonomic Wrist Rest",Accessories,3,20.07,60.21,2026-02-04 04:26:00
128,CUST-0150,"Isabella Anderson","ClearView 27in Monitor",Electronics,4,254.64,1018.56,2026-01-28 15:28:00
129,CUST-0046,"Oliver Lee","Superstrike 2 Wireless Mouse",Electronics,4,75.2,300.8,2026-02-09 04:41:00
130,CUST-0042,"Isabella Walker","QuickCharge 65W USB-C Adapter",Electronics,4,35.49,141.96,2026-02-12 07:49:00
131,CUST-0048,"Alex Davis","PixelClean Screen Wipes 50ct",Accessories,1,10.63,10.63,2026-02-07 14:29:00
132,CUST-0140,"Alex Robinson","MechForce TKL Keyboard",Electronics,4,96.12,384.48,2025-12-14 20:56:00
133,CUST-0018,"Isabella Taylor","Superstrike 2 USB-C Dongle",Electronics,4,16.85,67.4,2025-12-20 07:42:00
134,CUST-0024,"Amelia Williams","PowerBank 20000mAh",Accessories,1,45.44,45.44,2026-01-20 03:53:00
135,CUST-0125,"Evelyn Taylor","CloudStep Running Shoes",Apparel,3,90.65,271.95,2026-01-31 00:19:00
136,CUST-0019,"Emma Smith","SnapLens Webcam Cover 3-Pack",Accessories,3,7.97,23.91,2026-01-11 13:49:00
137,CUST-0002,"Ella Robinson","AllWeather Zip Hoodie",Apparel,1,76.47,76.47,2026-01-14 11:07:00
138,CUST-0172,"Charlotte Clark","SoundPulse ANC Headphones",Electronics,1,150.69,150.69,2026-02-10 20:37:00
139,CUST-0068,"Lucas Chen","ClearView 27in Monitor",Electronics,4,253.45,1013.8,2025-12-04 03:43:00
140,CUST-0152,"Alex Lee","GlideWrist Ergonomic Wrist Rest",Accessories,2,16.75,33.5,2025-12-09 12:17:00
141,CUST-0048,"Alex Davis","PowerBank 20000mAh",Accessories,4,43.34,173.36,2026-02-02 09:10:00
142,CUST-0193,"Lily Harris","Superstrike 2 Wireless Mouse",Electronics,3,70.29,210.87,2025-12-28 08:21:00
143,CUST-0073,"Mia Taylor","CloudStep Running Shoes",Apparel,1,92.54,92.54,2026-01-20 08:40:00
144,CUST-0162,"Alex Patel","Superstrike 2 USB-C Dongle",Electronics,2,15.54,31.08,2025-11-28 10:13:00
145,CUST-0049,"Chloe Scott","QuickCharge 65W USB-C Adapter",Electronics,1,38.23,38.23,2025-11-19 19:19:00
146,CUST-0077,"Aiden Clark","CloudStep Running Shoes",Apparel,1,108.9,108.9,2025-11-25 07:58:00
147,CUST-0184,"Sophia Anderson","PowerBank 20000mAh",Accessories,1,43.26,43.26,2025-12-29 00:13:00
148,CUST-0014,"Ava Young","PowerBank 20000mAh",Accessories,1,49.14,49.14,2025-11-19 19:17:00
149,CUST-0127,"Noah Green","ErgoRise Standing Desk Mat",Home & Office,1,56.22,56.22,2026-02-05 19:17:00
150,CUST-0133,"Elijah Garcia","ClearView 27in Monitor",Electronics,4,331.47,1325.88,2025-12-19 06:08:00
151,CUST-0116,"Harper Walker","Superstrike 2 Wireless Mouse",Electronics,1,77.98,77.98,2026-02-03 22:41:00
152,CUST-0126,"Noah Chen","Superstrike 2 Mousepad XL",Electronics,1,25.96,25.96,2026-02-12 07:11:00
153,CUST-0032,"Lucas Anderson","ClearView 27in Monitor",Electronics,3,281.91,845.73,2026-02-14 21:21:00
154,CUST-0145,"Ethan Green","MechForce TKL Keyboard",Electronics,3,95.34,286.02,2025-12-15 10:35:00
155,CUST-0074,"Oliver Robinson","CloudStep Running Shoes",Apparel,1,104.5,104.5,2026-01-23 18:32:00
156,CUST-0198,"Chloe Thomas","CloudStep Running Shoes",Apparel,3,117.81,353.43,2026-01-03 08:08:00
157,CUST-0181,"Logan Scott","Superstrike 2 Wireless Mouse",Electronics,2,68.76,137.52,2026-01-11 01:44:00
158,CUST-0103,"Harper Miller","NanoHub 7-Port USB Hub",Electronics,3,22.63,67.89,2025-12-12 23:49:00
159,CUST-0143,"Lucas Jones","NanoHub 7-Port USB Hub",Electronics,3,29.22,87.66,2026-01-23 06:39:00
160,CUST-0064,"Logan Anderson","AllWeather Zip Hoodie",Apparel,3,76.93,230.79,2026-02-05 10:26:00
161,CUST-0181,"Logan Scott","CableBox Organizer",Home & Office,3,19.51,58.53,2025-12-27 00:37:00
162,CUST-0054,"Ethan Moore","SnapLens Webcam Cover 3-Pack",Accessories,1,8.62,8.62,2026-02-15 17:20:00
163,CUST-0082,"Ava Robinson","AirPure Mini Humidifier",Home & Office,1,24.86,24.86,2025-11-26 12:45:00
164,CUST-0164,"Aiden Jones","Superstrike 2 Mousepad XL",Electronics,4,31.44,125.76,2026-02-15 12:50:00
165,CUST-0012,"Harper Chen","ClearView 27in Monitor",Electronics,1,335.41,335.41,2026-02-05 11:00:00
166,CUST-0199,"Noah Garcia","AllWeather Zip Hoodie",Apparel,4,64.53,258.12,2025-12-05 13:20:00
167,CUST-0037,"Amelia Allen","TitanGrip Phone Case",Accessories,1,23.29,23.29,2026-01-31 22:45:00
168,CUST-0083,"Isabella Kim","ClearView 27in Monitor",Electronics,3,316.97,950.91,2025-12-27 23:23:00
169,CUST-0112,"Charlotte Walker","CableBox Organizer",Home & Office,1,14.23,14.23,2026-01-31 07:46:00
170,CUST-0022,"Ethan Davis","SteelWeave USB-C Cable 6ft",Accessories,2,14.85,29.7,2026-01-18 15:08:00
171,CUST-0023,"Daniel King","GlideWrist Ergonomic Wrist Rest",Accessories,4,16.94,67.76,2026-01-17 04:31:00
172,CUST-0134,"Sebastian Hall","AirPure Mini Humidifier",Home & Office,1,25.8,25.8,2026-01-20 08:57:00
173,CUST-0039,"Elijah Scott","LumiBar LED Desk Lamp",Home & Office,1,36.55,36.55,2026-02-05 22:58:00
174,CUST-0134,"Sebastian Hall","MechForce TKL Keyboard",Electronics,1,118.85,118.85,2025-12-30 12:39:00
175,CUST-0072,"Elijah Jones","AirPure Mini Humidifier",Home & Office,1,23.43,23.43,2026-02-13 08:43:00
176,CUST-0059,"Mia Kim","ThermoMug Smart Warmer",Home & Office,3,28.37,85.11,2026-01-30 05:06:00
177,CUST-0074,"Oliver Robinson","ClearView 27in Monitor",Electronics,1,325.38,325.38,2026-02-01 12:50:00
178,CUST-0089,"Noah Wright","PowerBank 20000mAh",Accessories,3,41.42,124.26,2025-12-02 11:22:00
179,CUST-0123,"Amelia Jones","FlexFit Joggers",Apparel,4,63.07,252.28,2026-02-06 12:40:00
180,CUST-0056,"Lucas Williams","SoundPulse ANC Headphones",Electronics,1,153.85,153.85,2026-02-11 19:34:00
181,CUST-0041,"Lucas Harris","PowerBank 20000mAh",Accessories,2,47.35,94.7,2025-12-04 00:27:00
182,CUST-0087,"Luna Scott","MechForce TKL Keyboard",Electronics,1,93.4,93.4,2026-01-05 22:59:00
183,CUST-0137,"Amelia Johnson","StreamDeck Mini Controller",Electronics,1,52.73,52.73,2026-02-06 08:44:00
184,CUST-0155,"Isabella Clark","Superstrike 2 Wireless Mouse",Electronics,3,79.05,237.15,2026-01-09 06:23:00
185,CUST-0048,"Alex Davis","CableBox Organizer",Home & Office,1,17.01,17.01,2025-12-19 12:58:00
186,CUST-0126,"Noah Chen","MechForce TKL Keyboard",Electronics,1,94.1,94.1,2026-01-10 11:18:00
187,CUST-0093,"Jack Williams","AirPure Mini Humidifier",Home & Office,4,31.35,125.4,2026-01-10 07:08:00
188,CUST-0161,"Logan Wright","FlexMount Monitor Arm",Electronics,3,41.35,124.05,2026-02-04 00:01:00
189,CUST-0197,"Mia Williams","AirPure Mini Humidifier",Home & Office,2,20.07,40.14,2026-02-14 11:52:00
190,CUST-0176,"Mia Allen","CableBox Organizer",Home & Office,3,15.27,45.81,2025-12-17 11:34:00
191,CUST-0059,"Mia Kim","PowerBank 20000mAh",Accessories,1,44.46,44.46,2026-01-18 05:52:00
192,CUST-0163,"Mason Green","CableBox Organizer",Home & Office,3,16.52,49.56,2025-12-11 11:16:00
193,CUST-0014,"Ava Young","GlideWrist Ergonomic Wrist Rest",Accessories,1,22.62,22.62,2026-01-10 04:07:00
194,CUST-0187,"Aiden Harris","ThermoMug Smart Warmer",Home & Office,3,34.47,103.41,2026-01-05 07:32:00
195,CUST-0063,"Grace Williams","Superstrike 2 Mousepad XL",Electronics,3,25.01,75.03,2026-02-06 17:52:00
196,CUST-0187,"Aiden Harris","PowerBank 20000mAh",Accessories,1,49.7,49.7,2026-01-26 12:58:00
197,CUST-0067,"Mason Jones","ClearView 27in Monitor",Electronics,2,338.4,676.8,2026-01-09 23:40:00
198,CUST-0130,"Liam Allen","CableBox Organizer",Home & Office,4,19.33,77.32,2026-01-18 02:56:00
199,CUST-0097,"Daniel Smith","FlexFit Joggers",Apparel,3,61.83,185.49,2026-01-10 14:17:00
200,CUST-0170,"Aiden Wright","Superstrike 2 Mousepad XL",Electronics,1,30.35,30.35,2025-12-27 00:09:00
201,CUST-0091,"Henry Taylor","ClearView 27in Monitor",Electronics,1,347.91,347.91,2026-02-15 20:20:00
202,CUST-0138,"Liam Garcia","SteelWeave USB-C Cable 6ft",Accessories,2,11.45,22.9,2026-02-14 23:46:00
203,CUST-0009,"Alex Clark","SnapLens Webcam Cover 3-Pack",Accessories,2,7.37,14.74,2026-02-11 09:23:00
204,CUST-0024,"Amelia Williams","MechForce TKL Keyboard",Electronics,1,99.12,99.12,2026-02-10 18:58:00
205,CUST-0173,"Luna Thomas","FlexMount Monitor Arm",Electronics,3,35.48,106.44,2026-01-10 01:05:00
206,CUST-0047,"Mason Kim","SnapLens Webcam Cover 3-Pack",Accessories,3,5.21,15.63,2026-01-17 08:02:00
207,CUST-0012,"Harper Chen","QuickCharge 65W USB-C Adapter",Electronics,2,42.02,84.04,2025-11-21 04:28:00
208,CUST-0009,"Alex Clark","GlideWrist Ergonomic Wrist Rest",Accessories,1,22.92,22.92,2026-01-04 13:27:00
209,CUST-0035,"Sebastian Jones","PowerBank 20000mAh",Accessories,2,37.26,74.52,2026-01-28 07:38:00
210,CUST-0099,"Amelia Robinson","DryFit Performance Tee",Apparel,1,26.47,26.47,2026-01-31 15:33:00
211,CUST-0150,"Isabella Anderson","TitanGrip Phone Case",Accessories,4,24.44,97.76,2026-02-07 22:47:00
212,CUST-0038,"Olivia Adams","PowerBank 20000mAh",Accessories,2,43.99,87.98,2025-11-22 20:00:00
213,CUST-0187,"Aiden Harris","SnapLens Webcam Cover 3-Pack",Accessories,3,7.22,21.66,2026-01-09 22:49:00
214,CUST-0183,"Liam Clark","FlexMount Monitor Arm",Electronics,4,50.8,203.2,2025-11-23 10:31:00
215,CUST-0039,"Elijah Scott","PowerBank 20000mAh",Accessories,3,47.37,142.11,2026-02-01 21:39:00
216,CUST-0143,"Lucas Jones","GlideWrist Ergonomic Wrist Rest",Accessories,4,21.91,87.64,2025-12-30 07:22:00
217,CUST-0138,"Liam Garcia","SteelWeave USB-C Cable 6ft",Accessories,1,14.85,14.85,2025-12-31 02:19:00
218,CUST-0156,"Alex King","Superstrike 2 Mousepad XL",Electronics,2,28.11,56.22,2026-02-13 09:19:00
219,CUST-0183,"Liam Clark","CableBox Organizer",Home & Office,1,13.34,13.34,2025-12-28 19:09:00
220,CUST-0195,"Evelyn Chen","SteelWeave USB-C Cable 6ft",Accessories,2,13.9,27.8,2025-12-13 02:54:00
221,CUST-0165,"Logan Young","FlexMount Monitor Arm",Electronics,2,49,98,2026-02-14 10:19:00
222,CUST-0120,"Aiden Taylor","FlexMount Monitor Arm",Electronics,1,49.6,49.6,2025-12-30 19:41:00
223,CUST-0051,"Jack Kim","NanoHub 7-Port USB Hub",Electronics,1,25.1,25.1,2026-02-11 12:35:00
224,CUST-0006,"Sophia Wright","NanoHub 7-Port USB Hub",Electronics,1,21.51,21.51,2026-02-15 01:13:00
225,CUST-0017,"Aiden Allen","GlideWrist Ergonomic Wrist Rest",Accessories,4,15.82,63.28,2026-02-16 04:10:00
226,CUST-0150,"Isabella Anderson","ThermoMug Smart Warmer",Home & Office,1,35.73,35.73,2026-01-08 15:38:00
227,CUST-0139,"Emma Brown","StreamDeck Mini Controller",Electronics,4,68.09,272.36,2026-01-03 12:55:00
228,CUST-0006,"Sophia Wright","CloudStep Running Shoes",Apparel,3,108.09,324.27,2026-02-10 12:19:00
229,CUST-0085,"Harper Williams","StreamDeck Mini Controller",Electronics,3,59.66,178.98,2025-11-26 09:36:00
230,CUST-0053,"Luna Robinson","TitanGrip Phone Case",Accessories,2,25.09,50.18,2026-02-13 17:10:00
231,CUST-0129,"Oliver Thomas","SteelWeave USB-C Cable 6ft",Accessories,1,12.33,12.33,2026-01-01 07:32:00
232,CUST-0016,"Ava King","PixelClean Screen Wipes 50ct",Accessories,2,8.4,16.8,2026-02-15 15:28:00
233,CUST-0043,"Mason Taylor","Superstrike 2 Wireless Mouse",Electronics,1,73.27,73.27,2026-01-23 01:42:00
234,CUST-0084,"Isabella Smith","ThermoMug Smart Warmer",Home & Office,1,27.05,27.05,2026-02-12 06:43:00
235,CUST-0038,"Olivia Adams","FlexMount Monitor Arm",Electronics,3,42.55,127.65,2026-02-03 04:01:00
236,CUST-0020,"Elijah Harris","PowerBank 20000mAh",Accessories,1,38.78,38.78,2026-02-03 21:35:00
237,CUST-0165,"Logan Young","ThermoMug Smart Warmer",Home & Office,3,28.56,85.68,2025-12-12 18:17:00
238,CUST-0043,"Mason Taylor","FlexFit Joggers",Apparel,3,62.3,186.9,2026-02-02 07:18:00
239,CUST-0106,"Sebastian Clark","Superstrike 2 Mousepad XL",Electronics,2,33,66,2026-02-06 21:03:00
240,CUST-0075,"Mia Miller","LumiBar LED Desk Lamp",Home & Office,2,46.76,93.52,2025-12-13 16:55:00
241,CUST-0010,"James Anderson","AllWeather Zip Hoodie",Apparel,3,70.04,210.12,2026-02-11 06:12:00
242,CUST-0072,"Elijah Jones","FlexFit Joggers",Apparel,1,54.56,54.56,2026-02-15 10:17:00
243,CUST-0081,"Alex Williams","DryFit Performance Tee",Apparel,1,28.56,28.56,2026-01-09 09:30:00
244,CUST-0049,"Chloe Scott","SteelWeave USB-C Cable 6ft",Accessories,2,15.18,30.36,2026-01-31 01:12:00
245,CUST-0009,"Alex Clark","NanoHub 7-Port USB Hub",Electronics,2,29.05,58.1,2025-12-25 02:47:00
246,CUST-0194,"Ella Miller","MechForce TKL Keyboard",Electronics,1,92.58,92.58,2025-12-29 06:18:00
247,CUST-0090,"Amelia King","CableBox Organizer",Home & Office,1,20.15,20.15,2025-12-06 12:08:00
248,CUST-0028,"Grace Garcia","StreamDeck Mini Controller",Electronics,2,53.69,107.38,2026-02-14 01:11:00
249,CUST-0115,"Mason Taylor","PixelClean Screen Wipes 50ct",Accessories,1,9.98,9.98,2026-02-11 02:42:00
250,CUST-0059,"Mia Kim","ThermoMug Smart Warmer",Home & Office,2,39.8,79.6,2026-01-30 05:00:00
251,CUST-0140,"Alex Robinson","SteelWeave USB-C Cable 6ft",Accessories,1,15.15,15.15,2026-02-14 14:44:00
252,CUST-0078,"Elijah Harris","Superstrike 2 Mousepad XL",Electronics,2,28.7,57.4,2025-11-29 04:27:00
253,CUST-0179,"Mason Walker","FlexFit Joggers",Apparel,1,56.57,56.57,2025-11-30 14:13:00
254,CUST-0050,"Liam Anderson","SoundPulse ANC Headphones",Electronics,3,148.09,444.27,2026-02-14 12:45:00
255,CUST-0082,"Ava Robinson","ClearView 27in Monitor",Electronics,1,317.18,317.18,2025-12-31 04:22:00
256,CUST-0123,"Amelia Jones","SnapLens Webcam Cover 3-Pack",Accessories,3,5.04,15.12,2025-12-10 23:45:00
257,CUST-0167,"Ava King","AllWeather Zip Hoodie",Apparel,2,61.11,122.22,2025-12-27 03:26:00
258,CUST-0190,"Olivia Smith","LumiBar LED Desk Lamp",Home & Office,2,38.23,76.46,2026-01-24 23:44:00
259,CUST-0163,"Mason Green","Superstrike 2 Mousepad XL",Electronics,1,33.32,33.32,2026-02-05 19:12:00
260,CUST-0017,"Aiden Allen","AirPure Mini Humidifier",Home & Office,3,24.12,72.36,2026-02-09 06:20:00
261,CUST-0181,"Logan Scott","PowerBank 20000mAh",Accessories,2,35.91,71.82,2026-02-14 02:48:00
262,CUST-0176,"Mia Allen","FlexFit Joggers",Apparel,1,55.61,55.61,2026-02-06 07:49:00
263,CUST-0154,"Lily Hall","ErgoRise Standing Desk Mat",Home & Office,2,40.78,81.56,2026-02-08 20:51:00
264,CUST-0163,"Mason Green","SnapLens Webcam Cover 3-Pack",Accessories,3,5.36,16.08,2025-12-30 15:04:00
265,CUST-0022,"Ethan Davis","StreamDeck Mini Controller",Electronics,3,58.43,175.29,2026-02-14 00:47:00
266,CUST-0134,"Sebastian Hall","ClearView 27in Monitor",Electronics,3,283.47,850.41,2025-11-23 22:29:00
267,CUST-0030,"Sebastian Patel","DryFit Performance Tee",Apparel,3,26.58,79.74,2026-01-02 04:13:00
268,CUST-0164,"Aiden Jones","QuickCharge 65W USB-C Adapter",Electronics,2,33.11,66.22,2025-11-20 13:46:00
269,CUST-0199,"Noah Garcia","TitanGrip Phone Case",Accessories,1,17.93,17.93,2026-02-14 10:55:00
270,CUST-0194,"Ella Miller","MechForce TKL Keyboard",Electronics,2,121.26,242.52,2025-11-28 23:54:00
271,CUST-0131,"Emma Wilson","DryFit Performance Tee",Apparel,4,28.46,113.84,2025-12-31 10:26:00
272,CUST-0026,"Liam Lewis","NanoHub 7-Port USB Hub",Electronics,3,21.65,64.95,2025-12-07 06:02:00
273,CUST-0016,"Ava King","CloudStep Running Shoes",Apparel,1,91.55,91.55,2025-12-14 05:00:00
274,CUST-0200,"Chloe Moore","AllWeather Zip Hoodie",Apparel,3,74.47,223.41,2026-02-09 10:47:00
275,CUST-0123,"Amelia Jones","PowerBank 20000mAh",Accessories,4,40.07,160.28,2026-02-06 19:30:00
276,CUST-0144,"Jack Lee","CableBox Organizer",Home & Office,4,13.99,55.96,2026-02-10 21:01:00
277,CUST-0079,"Sophia Davis","Superstrike 2 USB-C Dongle",Electronics,3,15.14,45.42,2026-02-08 10:22:00
278,CUST-0044,"Ella Robinson","NanoHub 7-Port USB Hub",Electronics,2,25.43,50.86,2025-12-22 01:20:00
279,CUST-0196,"Daniel Young","FlexMount Monitor Arm",Electronics,3,42.36,127.08,2025-12-24 20:54:00
280,CUST-0176,"Mia Allen","StreamDeck Mini Controller",Electronics,3,59.09,177.27,2026-01-12 17:02:00
281,CUST-0067,"Mason Jones","NanoHub 7-Port USB Hub",Electronics,3,23.81,71.43,2025-12-09 18:43:00
282,CUST-0190,"Olivia Smith","CloudStep Running Shoes",Apparel,3,106.39,319.17,2026-02-16 03:45:00
283,CUST-0010,"James Anderson","DryFit Performance Tee",Apparel,2,29.35,58.7,2026-02-06 17:09:00
284,CUST-0178,"Liam Chen","SoundPulse ANC Headphones",Electronics,1,147.82,147.82,2025-12-28 06:02:00
285,CUST-0199,"Noah Garcia","LumiBar LED Desk Lamp",Home & Office,3,34.08,102.24,2026-01-15 21:11:00
286,CUST-0001,"Logan Taylor","Superstrike 2 Mousepad XL",Electronics,2,31.02,62.04,2026-01-31 05:15:00
287,CUST-0024,"Amelia Williams","SoundPulse ANC Headphones",Electronics,1,173.55,173.55,2026-02-15 18:42:00
288,CUST-0051,"Jack Kim","LumiBar LED Desk Lamp",Home & Office,2,46.24,92.48,2026-02-15 15:41:00
289,CUST-0015,"Amelia Chen","QuickCharge 65W USB-C Adapter",Electronics,3,42.26,126.78,2026-02-06 01:07:00
290,CUST-0126,"Noah Chen","SteelWeave USB-C Cable 6ft",Accessories,2,15.71,31.42,2026-01-04 13:52:00
291,CUST-0027,"Alex Robinson","Superstrike 2 Mousepad XL",Electronics,2,28.69,57.38,2025-11-23 15:59:00
292,CUST-0122,"Isabella Patel","Superstrike 2 USB-C Dongle",Electronics,1,15.34,15.34,2026-01-12 23:10:00
293,CUST-0122,"Isabella Patel","NanoHub 7-Port USB Hub",Electronics,2,28.11,56.22,2025-12-14 16:16:00
294,CUST-0135,"Evelyn Young","AirPure Mini Humidifier",Home & Office,1,31.11,31.11,2026-01-16 17:14:00
295,CUST-0114,"Noah Smith","TitanGrip Phone Case",Accessories,2,20.83,41.66,2026-02-03 16:25:00
296,CUST-0123,"Amelia Jones","ErgoRise Standing Desk Mat",Home & Office,3,47.72,143.16,2026-01-26 07:35:00
297,CUST-0085,"Harper Williams","Superstrike 2 USB-C Dongle",Electronics,1,17.62,17.62,2026-01-17 20:00:00
298,CUST-0155,"Isabella Clark","NanoHub 7-Port USB Hub",Electronics,4,29.47,117.88,2026-01-02 15:21:00
299,CUST-0051,"Jack Kim","ThermoMug Smart Warmer",Home & Office,1,31.99,31.99,2026-01-16 15:03:00
300,CUST-0012,"Harper Chen","StreamDeck Mini Controller",Electronics,2,66.12,132.24,2026-02-15 20:29:00
301,CUST-0137,"Amelia Johnson","LumiBar LED Desk Lamp",Home & Office,3,49.31,147.93,2026-02-09 20:33:00
302,CUST-0099,"Amelia Robinson","ErgoRise Standing Desk Mat",Home & Office,2,55.24,110.48,2026-02-09 04:13:00
303,CUST-0006,"Sophia Wright","ClearView 27in Monitor",Electronics,2,296.58,593.16,2026-01-25 07:56:00
304,CUST-0009,"Alex Clark","AllWeather Zip Hoodie",Apparel,4,58.62,234.48,2026-01-07 14:03:00
305,CUST-0105,"Alex Miller","GlideWrist Ergonomic Wrist Rest",Accessories,4,19.76,79.04,2025-12-04 07:26:00
306,CUST-0194,"Ella Miller","NanoHub 7-Port USB Hub",Electronics,4,20.51,82.04,2026-02-02 21:06:00
307,CUST-0171,"Alex Moore","Superstrike 2 USB-C Dongle",Electronics,2,15.63,31.26,2025-12-20 12:31:00
308,CUST-0015,"Amelia Chen","TitanGrip Phone Case",Accessories,1,29.4,29.4,2025-12-28 02:37:00
309,CUST-0075,"Mia Miller","Superstrike 2 USB-C Dongle",Electronics,3,17.91,53.73,2026-01-27 06:47:00
310,CUST-0130,"Liam Allen","CableBox Organizer",Home & Office,4,15.66,62.64,2025-12-13 13:52:00
311,CUST-0049,"Chloe Scott","ErgoRise Standing Desk Mat",Home & Office,3,50.88,152.64,2026-02-01 02:39:00
312,CUST-0064,"Logan Anderson","TitanGrip Phone Case",Accessories,3,26.47,79.41,2026-01-16 23:24:00
313,CUST-0123,"Amelia Jones","ClearView 27in Monitor",Electronics,1,307.55,307.55,2025-11-27 15:35:00
314,CUST-0091,"Henry Taylor","AllWeather Zip Hoodie",Apparel,4,65.38,261.52,2026-01-29 02:35:00
315,CUST-0106,"Sebastian Clark","ThermoMug Smart Warmer",Home & Office,2,29.28,58.56,2025-12-16 09:42:00
316,CUST-0040,"Charlotte Harris","SoundPulse ANC Headphones",Electronics,1,142.3,142.3,2025-11-22 12:17:00
317,CUST-0190,"Olivia Smith","NanoHub 7-Port USB Hub",Electronics,1,20.82,20.82,2025-12-15 02:11:00
318,CUST-0009,"Alex Clark","ClearView 27in Monitor",Electronics,2,315.92,631.84,2025-11-26 20:31:00
319,CUST-0127,"Noah Green","StreamDeck Mini Controller",Electronics,3,59.39,178.17,2026-02-15 10:05:00
320,CUST-0174,"Emma Johnson","LumiBar LED Desk Lamp",Home & Office,4,46.15,184.6,2025-12-06 10:21:00
321,CUST-0200,"Chloe Moore","Superstrike 2 Mousepad XL",Electronics,3,30.39,91.17,2025-12-06 22:38:00
322,CUST-0092,"Noah Clark","DryFit Performance Tee",Apparel,1,25.22,25.22,2025-11-30 03:38:00
323,CUST-0069,"Ethan Adams","TitanGrip Phone Case",Accessories,1,18.72,18.72,2026-01-23 00:28:00
324,CUST-0042,"Isabella Walker","StreamDeck Mini Controller",Electronics,1,52.53,52.53,2026-02-14 09:17:00
325,CUST-0163,"Mason Green","CloudStep Running Shoes",Apparel,2,112.51,225.02,2026-02-09 23:45:00
326,CUST-0025,"Mason Jones","LumiBar LED Desk Lamp",Home & Office,2,44.21,88.42,2026-02-13 21:46:00
327,CUST-0012,"Harper Chen","SteelWeave USB-C Cable 6ft",Accessories,3,15.57,46.71,2026-01-19 10:07:00
328,CUST-0046,"Oliver Lee","ErgoRise Standing Desk Mat",Home & Office,3,47.04,141.12,2026-01-13 17:44:00
329,CUST-0052,"Lily Johnson","CloudStep Running Shoes",Apparel,3,101.2,303.6,2026-01-02 21:41:00
330,CUST-0075,"Mia Miller","LumiBar LED Desk Lamp",Home & Office,4,39.61,158.44,2026-02-14 18:40:00
331,CUST-0006,"Sophia Wright","AllWeather Zip Hoodie",Apparel,3,55.43,166.29,2025-12-24 10:56:00
332,CUST-0187,"Aiden Harris","GlideWrist Ergonomic Wrist Rest",Accessories,2,17.81,35.62,2026-02-15 07:50:00
333,CUST-0079,"Sophia Davis","CableBox Organizer",Home & Office,4,16.33,65.32,2026-02-14 13:34:00
334,CUST-0006,"Sophia Wright","PixelClean Screen Wipes 50ct",Accessories,1,10.43,10.43,2025-12-07 21:04:00
335,CUST-0166,"Daniel Walker","CloudStep Running Shoes",Apparel,2,90.75,181.5,2025-12-08 01:17:00
336,CUST-0020,"Elijah Harris","CloudStep Running Shoes",Apparel,1,107.55,107.55,2026-02-06 23:13:00
337,CUST-0078,"Elijah Harris","MechForce TKL Keyboard",Electronics,4,119.78,479.12,2025-12-30 02:54:00
338,CUST-0109,"James Garcia","FlexFit Joggers",Apparel,3,54.56,163.68,2025-12-10 20:10:00
339,CUST-0147,"Amelia King","GlideWrist Ergonomic Wrist Rest",Accessories,3,19.55,58.65,2026-01-23 06:02:00
340,CUST-0037,"Amelia Allen","AirPure Mini Humidifier",Home & Office,4,28.81,115.24,2025-12-29 19:55:00
341,CUST-0061,"James Hall","PixelClean Screen Wipes 50ct",Accessories,1,9.37,9.37,2026-01-24 09:13:00
342,CUST-0107,"Isabella King","DryFit Performance Tee",Apparel,2,28.58,57.16,2025-12-02 08:21:00
343,CUST-0101,"Jack Clark","LumiBar LED Desk Lamp",Home & Office,1,32.6,32.6,2025-12-30 22:26:00
344,CUST-0109,"James Garcia","CableBox Organizer",Home & Office,1,14.9,14.9,2026-02-10 03:04:00
345,CUST-0190,"Olivia Smith","ThermoMug Smart Warmer",Home & Office,2,34.44,68.88,2026-01-25 00:13:00
346,CUST-0070,"Harper Adams","QuickCharge 65W USB-C Adapter",Electronics,1,40.55,40.55,2026-01-20 23:37:00
347,CUST-0101,"Jack Clark","Superstrike 2 Wireless Mouse",Electronics,2,60.83,121.66,2026-02-02 03:35:00
348,CUST-0012,"Harper Chen","LumiBar LED Desk Lamp",Home & Office,3,44.33,132.99,2026-02-14 03:59:00
349,CUST-0181,"Logan Scott","AirPure Mini Humidifier",Home & Office,4,25.68,102.72,2025-12-17 14:23:00
350,CUST-0045,"Lily Wright","GlideWrist Ergonomic Wrist Rest",Accessories,2,22.51,45.02,2026-01-22 18:57:00
351,CUST-0068,"Lucas Chen","FlexFit Joggers",Apparel,1,50.16,50.16,2025-12-10 07:33:00
352,CUST-0002,"Ella Robinson","TitanGrip Phone Case",Accessories,4,18.69,74.76,2025-12-08 21:02:00
353,CUST-0180,"Mason King","StreamDeck Mini Controller",Electronics,1,55.99,55.99,2026-02-15 16:41:00
354,CUST-0104,"Charlotte Wright","PowerBank 20000mAh",Accessories,4,46.94,187.76,2026-01-29 03:25:00
355,CUST-0101,"Jack Clark","Superstrike 2 Mousepad XL",Electronics,2,34.09,68.18,2025-12-30 09:26:00
356,CUST-0172,"Charlotte Clark","FlexMount Monitor Arm",Electronics,4,39.71,158.84,2026-02-10 19:20:00
357,CUST-0016,"Ava King","SoundPulse ANC Headphones",Electronics,1,145.97,145.97,2025-12-08 19:42:00
358,CUST-0077,"Aiden Clark","ClearView 27in Monitor",Electronics,1,279.67,279.67,2026-02-05 23:07:00
359,CUST-0164,"Aiden Jones","QuickCharge 65W USB-C Adapter",Electronics,1,37.23,37.23,2026-01-05 23:21:00
360,CUST-0181,"Logan Scott","CloudStep Running Shoes",Apparel,3,106.63,319.89,2025-12-19 11:27:00
361,CUST-0176,"Mia Allen","QuickCharge 65W USB-C Adapter",Electronics,2,40.33,80.66,2026-01-19 07:30:00
362,CUST-0057,"Logan Wright","SoundPulse ANC Headphones",Electronics,4,135.26,541.04,2025-12-01 03:13:00
363,CUST-0150,"Isabella Anderson","CableBox Organizer",Home & Office,4,18.64,74.56,2026-02-12 03:20:00
364,CUST-0138,"Liam Garcia","LumiBar LED Desk Lamp",Home & Office,1,36,36,2026-02-15 09:40:00
365,CUST-0140,"Alex Robinson","SoundPulse ANC Headphones",Electronics,4,161.35,645.4,2025-12-11 07:52:00
366,CUST-0009,"Alex Clark","DryFit Performance Tee",Apparel,4,26.42,105.68,2025-12-19 15:00:00
367,CUST-0062,"Evelyn Wright","LumiBar LED Desk Lamp",Home & Office,2,38.87,77.74,2025-11-28 00:15:00
368,CUST-0028,"Grace Garcia","NanoHub 7-Port USB Hub",Electronics,1,20.89,20.89,2026-01-09 11:48:00
369,CUST-0033,"Logan Wright","DryFit Performance Tee",Apparel,4,33.71,134.84,2026-01-19 18:42:00
370,CUST-0192,"Sophia Williams","CloudStep Running Shoes",Apparel,2,107.13,214.26,2025-12-04 05:08:00
371,CUST-0111,"Sebastian Wright","TitanGrip Phone Case",Accessories,3,15.84,47.52,2025-12-02 18:23:00
372,CUST-0113,"Noah Jones","SnapLens Webcam Cover 3-Pack",Accessories,1,8.15,8.15,2026-01-06 00:48:00
373,CUST-0049,"Chloe Scott","NanoHub 7-Port USB Hub",Electronics,3,21.45,64.35,2026-01-11 18:08:00
374,CUST-0146,"Sebastian Brown","StreamDeck Mini Controller",Electronics,1,53.82,53.82,2026-02-13 05:45:00
375,CUST-0110,"Evelyn Walker","NanoHub 7-Port USB Hub",Electronics,4,28.92,115.68,2025-12-28 00:30:00
376,CUST-0188,"Olivia Young","MechForce TKL Keyboard",Electronics,2,126.59,253.18,2025-12-23 02:32:00
377,CUST-0105,"Alex Miller","MechForce TKL Keyboard",Electronics,3,94.09,282.27,2026-02-08 02:05:00
378,CUST-0019,"Emma Smith","ErgoRise Standing Desk Mat",Home & Office,3,52.04,156.12,2025-12-25 00:06:00
379,CUST-0127,"Noah Green","FlexMount Monitor Arm",Electronics,4,37.16,148.64,2026-02-01 07:26:00
380,CUST-0059,"Mia Kim","SnapLens Webcam Cover 3-Pack",Accessories,1,6.59,6.59,2025-11-27 04:33:00
381,CUST-0033,"Logan Wright","CableBox Organizer",Home & Office,3,15.94,47.82,2026-02-16 08:12:00
382,CUST-0041,"Lucas Harris","FlexFit Joggers",Apparel,1,54.67,54.67,2026-01-29 04:10:00
383,CUST-0055,"Noah Lewis","QuickCharge 65W USB-C Adapter",Electronics,3,42.26,126.78,2025-12-04 11:44:00
384,CUST-0020,"Elijah Harris","FlexFit Joggers",Apparel,4,49.17,196.68,2026-01-08 15:21:00
385,CUST-0195,"Evelyn Chen","SoundPulse ANC Headphones",Electronics,1,131.21,131.21,2026-01-07 19:43:00
386,CUST-0004,"Mason Clark","Superstrike 2 USB-C Dongle",Electronics,3,17.8,53.4,2026-02-01 09:52:00
387,CUST-0114,"Noah Smith","StreamDeck Mini Controller",Electronics,3,68.93,206.79,2025-12-15 07:43:00
388,CUST-0095,"Lily Anderson","MechForce TKL Keyboard",Electronics,3,117.98,353.94,2026-01-29 17:19:00
389,CUST-0110,"Evelyn Walker","SteelWeave USB-C Cable 6ft",Accessories,4,11,44,2025-12-12 16:43:00
390,CUST-0029,"Sebastian Moore","AirPure Mini Humidifier",Home & Office,3,34.05,102.15,2025-12-02 12:44:00
391,CUST-0124,"Amelia Lee","CableBox Organizer",Home & Office,1,13.57,13.57,2025-11-30 01:48:00
392,CUST-0057,"Logan Wright","SnapLens Webcam Cover 3-Pack",Accessories,1,7.09,7.09,2025-11-21 23:56:00
393,CUST-0150,"Isabella Anderson","SteelWeave USB-C Cable 6ft",Accessories,1,10.94,10.94,2025-12-28 19:47:00
394,CUST-0072,"Elijah Jones","DryFit Performance Tee",Apparel,2,33.41,66.82,2026-02-03 02:51:00
395,CUST-0077,"Aiden Clark","CloudStep Running Shoes",Apparel,2,107.12,214.24,2026-01-17 17:55:00
396,CUST-0075,"Mia Miller","AirPure Mini Humidifier",Home & Office,3,33.59,100.77,2026-01-25 16:20:00
397,CUST-0097,"Daniel Smith","PixelClean Screen Wipes 50ct",Accessories,2,7.43,14.86,2025-11-28 08:32:00
398,CUST-0192,"Sophia Williams","PowerBank 20000mAh",Accessories,3,46.23,138.69,2026-02-08 07:49:00
399,CUST-0092,"Noah Clark","ErgoRise Standing Desk Mat",Home & Office,2,54.13,108.26,2026-01-17 18:11:00
400,CUST-0086,"Aiden Wilson","DryFit Performance Tee",Apparel,1,33.87,33.87,2026-02-13 18:01:00
401,CUST-0140,"Alex Robinson","AllWeather Zip Hoodie",Apparel,2,68.52,137.04,2026-02-10 18:05:00
402,CUST-0116,"Harper Walker","ErgoRise Standing Desk Mat",Home & Office,2,46.36,92.72,2026-02-03 21:26:00
403,CUST-0127,"Noah Green","ClearView 27in Monitor",Electronics,1,285.98,285.98,2026-01-25 12:26:00
404,CUST-0038,"Olivia Adams","CloudStep Running Shoes",Apparel,1,110.15,110.15,2025-11-21 14:07:00
405,CUST-0017,"Aiden Allen","Superstrike 2 USB-C Dongle",Electronics,2,17.31,34.62,2026-02-07 22:35:00
406,CUST-0034,"Liam Walker","SteelWeave USB-C Cable 6ft",Accessories,1,10.06,10.06,2025-12-06 07:21:00
407,CUST-0042,"Isabella Walker","PixelClean Screen Wipes 50ct",Accessories,1,10.96,10.96,2026-01-19 00:54:00
408,CUST-0116,"Harper Walker","LumiBar LED Desk Lamp",Home & Office,1,49.94,49.94,2025-11-19 09:17:00
409,CUST-0196,"Daniel Young","QuickCharge 65W USB-C Adapter",Electronics,3,34.36,103.08,2025-11-28 07:43:00
410,CUST-0021,"Sophia Lewis","NanoHub 7-Port USB Hub",Electronics,2,29.83,59.66,2025-12-03 04:02:00
411,CUST-0072,"Elijah Jones","AirPure Mini Humidifier",Home & Office,1,26.47,26.47,2025-12-20 21:25:00
412,CUST-0197,"Mia Williams","SteelWeave USB-C Cable 6ft",Accessories,2,15.29,30.58,2025-12-22 18:45:00
413,CUST-0140,"Alex Robinson","PowerBank 20000mAh",Accessories,2,43.07,86.14,2025-12-16 02:50:00
414,CUST-0134,"Sebastian Hall","LumiBar LED Desk Lamp",Home & Office,1,42.55,42.55,2026-02-08 03:19:00
415,CUST-0114,"Noah Smith","ErgoRise Standing Desk Mat",Home & Office,1,56.86,56.86,2026-02-09 21:44:00
416,CUST-0032,"Lucas Anderson","ClearView 27in Monitor",Electronics,3,268.75,806.25,2026-01-16 23:31:00
417,CUST-0120,"Aiden Taylor","GlideWrist Ergonomic Wrist Rest",Accessories,1,18.03,18.03,2026-01-25 02:36:00
418,CUST-0044,"Ella Robinson","CloudStep Running Shoes",Apparel,2,113.83,227.66,2026-01-16 09:52:00
419,CUST-0157,"Mia Wright","TitanGrip Phone Case",Accessories,2,28.57,57.14,2026-01-08 16:59:00
420,CUST-0123,"Amelia Jones","SteelWeave USB-C Cable 6ft",Accessories,2,12.99,25.98,2026-02-16 09:01:00
421,CUST-0169,"Aiden Garcia","Superstrike 2 Mousepad XL",Electronics,1,25.84,25.84,2026-01-22 06:08:00
422,CUST-0095,"Lily Anderson","AirPure Mini Humidifier",Home & Office,1,27.47,27.47,2026-02-14 02:37:00
423,CUST-0010,"James Anderson","ThermoMug Smart Warmer",Home & Office,3,39.62,118.86,2026-01-19 03:31:00
424,CUST-0031,"Olivia Chen","QuickCharge 65W USB-C Adapter",Electronics,1,44.01,44.01,2026-02-04 11:56:00
425,CUST-0084,"Isabella Smith","QuickCharge 65W USB-C Adapter",Electronics,3,34.12,102.36,2026-02-14 05:21:00
426,CUST-0159,"Oliver Miller","MechForce TKL Keyboard",Electronics,2,128.92,257.84,2026-02-13 05:19:00
427,CUST-0121,"Oliver Davis","SoundPulse ANC Headphones",Electronics,1,163.13,163.13,2026-01-21 17:22:00
428,CUST-0090,"Amelia King","FlexMount Monitor Arm",Electronics,3,36.25,108.75,2026-01-12 20:35:00
429,CUST-0078,"Elijah Harris","AirPure Mini Humidifier",Home & Office,1,32.37,32.37,2025-11-29 16:40:00
430,CUST-0085,"Harper Williams","ErgoRise Standing Desk Mat",Home & Office,2,41.17,82.34,2026-02-15 13:50:00
431,CUST-0006,"Sophia Wright","AllWeather Zip Hoodie",Apparel,1,72.82,72.82,2026-02-07 09:49:00
432,CUST-0077,"Aiden Clark","FlexFit Joggers",Apparel,4,58.75,235,2026-01-29 17:42:00
433,CUST-0128,"Liam Wright","AirPure Mini Humidifier",Home & Office,2,24.89,49.78,2026-02-08 21:20:00
434,CUST-0126,"Noah Chen","FlexFit Joggers",Apparel,1,46.72,46.72,2026-01-22 06:15:00
435,CUST-0166,"Daniel Walker","CableBox Organizer",Home & Office,1,22.09,22.09,2026-01-14 16:47:00
436,CUST-0191,"James Miller","CloudStep Running Shoes",Apparel,4,107.56,430.24,2026-02-08 06:01:00
437,CUST-0110,"Evelyn Walker","MechForce TKL Keyboard",Electronics,2,110.34,220.68,2026-01-02 05:49:00
438,CUST-0053,"Luna Robinson","Superstrike 2 Wireless Mouse",Electronics,1,65.04,65.04,2025-12-06 14:26:00
439,CUST-0112,"Charlotte Walker","ErgoRise Standing Desk Mat",Home & Office,1,47.9,47.9,2026-02-10 13:13:00
440,CUST-0102,"Ella King","CableBox Organizer",Home & Office,1,15.19,15.19,2026-02-13 04:12:00
441,CUST-0140,"Alex Robinson","Superstrike 2 Wireless Mouse",Electronics,1,63.4,63.4,2026-01-23 09:57:00
442,CUST-0117,"Chloe Young","PowerBank 20000mAh",Accessories,2,46.58,93.16,2026-02-12 20:57:00
443,CUST-0149,"Harper Allen","TitanGrip Phone Case",Accessories,3,27.9,83.7,2026-01-27 07:08:00
444,CUST-0129,"Oliver Thomas","AirPure Mini Humidifier",Home & Office,3,20.45,61.35,2025-11-20 19:05:00
445,CUST-0117,"Chloe Young","SnapLens Webcam Cover 3-Pack",Accessories,3,6.32,18.96,2025-11-22 05:21:00
446,CUST-0187,"Aiden Harris","FlexFit Joggers",Apparel,4,51.2,204.8,2025-12-08 00:30:00
447,CUST-0143,"Lucas Jones","AirPure Mini Humidifier",Home & Office,1,23.13,23.13,2025-12-20 06:54:00
448,CUST-0046,"Oliver Lee","ClearView 27in Monitor",Electronics,3,334.53,1003.59,2025-12-11 02:51:00
449,CUST-0109,"James Garcia","DryFit Performance Tee",Apparel,2,31.88,63.76,2026-01-28 18:54:00
450,CUST-0043,"Mason Taylor","NanoHub 7-Port USB Hub",Electronics,4,25.35,101.4,2026-02-04 16:15:00
451,CUST-0150,"Isabella Anderson","FlexMount Monitor Arm",Electronics,2,50.25,100.5,2026-01-03 03:55:00
452,CUST-0016,"Ava King","LumiBar LED Desk Lamp",Home & Office,3,31.17,93.51,2025-11-26 12:31:00
453,CUST-0185,"Mason Brown","SoundPulse ANC Headphones",Electronics,3,130.57,391.71,2026-01-16 16:41:00
454,CUST-0180,"Mason King","DryFit Performance Tee",Apparel,3,31.21,93.63,2026-01-12 09:36:00
455,CUST-0090,"Amelia King","FlexFit Joggers",Apparel,1,45.97,45.97,2025-12-08 23:36:00
456,CUST-0047,"Mason Kim","CableBox Organizer",Home & Office,1,21.87,21.87,2026-02-12 19:29:00
457,CUST-0197,"Mia Williams","Superstrike 2 Mousepad XL",Electronics,3,32.48,97.44,2026-01-23 00:45:00
458,CUST-0008,"Ava Thomas","TitanGrip Phone Case",Accessories,3,22.54,67.62,2026-02-14 21:53:00
459,CUST-0054,"Ethan Moore","LumiBar LED Desk Lamp",Home & Office,1,49,49,2026-02-15 05:04:00
460,CUST-0039,"Elijah Scott","Superstrike 2 Wireless Mouse",Electronics,2,73.7,147.4,2025-12-07 22:53:00
461,CUST-0171,"Alex Moore","SteelWeave USB-C Cable 6ft",Accessories,4,11.61,46.44,2025-12-31 12:05:00
462,CUST-0082,"Ava Robinson","TitanGrip Phone Case",Accessories,3,16.71,50.13,2025-11-21 21:55:00
463,CUST-0160,"Amelia King","Superstrike 2 Wireless Mouse",Electronics,1,62.97,62.97,2026-01-31 16:49:00
464,CUST-0171,"Alex Moore","FlexFit Joggers",Apparel,2,54.99,109.98,2025-12-15 14:22:00
465,CUST-0057,"Logan Wright","StreamDeck Mini Controller",Electronics,4,53.43,213.72,2025-12-21 04:38:00
466,CUST-0199,"Noah Garcia","ThermoMug Smart Warmer",Home & Office,4,36.85,147.4,2026-02-14 11:50:00
467,CUST-0139,"Emma Brown","SnapLens Webcam Cover 3-Pack",Accessories,1,9.12,9.12,2026-02-02 03:30:00
468,CUST-0138,"Liam Garcia","QuickCharge 65W USB-C Adapter",Electronics,3,41.98,125.94,2026-01-15 05:09:00
469,CUST-0003,"Ava Thomas","Superstrike 2 USB-C Dongle",Electronics,3,17.17,51.51,2025-12-18 16:33:00
470,CUST-0124,"Amelia Lee","FlexMount Monitor Arm",Electronics,1,54.49,54.49,2026-02-16 10:02:00
471,CUST-0049,"Chloe Scott","ClearView 27in Monitor",Electronics,1,266.08,266.08,2026-01-14 06:11:00
472,CUST-0194,"Ella Miller","ThermoMug Smart Warmer",Home & Office,4,31.12,124.48,2025-11-19 16:49:00
473,CUST-0087,"Luna Scott","FlexFit Joggers",Apparel,3,51.43,154.29,2026-02-13 23:10:00
474,CUST-0141,"Elijah Adams","LumiBar LED Desk Lamp",Home & Office,2,35.51,71.02,2026-01-14 02:09:00
475,CUST-0025,"Mason Jones","SoundPulse ANC Headphones",Electronics,1,171.87,171.87,2025-12-28 16:39:00
476,CUST-0122,"Isabella Patel","MechForce TKL Keyboard",Electronics,1,100.6,100.6,2026-01-30 16:58:00
477,CUST-0170,"Aiden Wright","AirPure Mini Humidifier",Home & Office,2,34.02,68.04,2025-12-12 20:38:00
478,CUST-0022,"Ethan Davis","ErgoRise Standing Desk Mat",Home & Office,1,45.68,45.68,2025-12-21 12:59:00
479,CUST-0198,"Chloe Thomas","GlideWrist Ergonomic Wrist Rest",Accessories,1,19.76,19.76,2026-02-05 15:02:00
480,CUST-0104,"Charlotte Wright","Superstrike 2 USB-C Dongle",Electronics,2,17.32,34.64,2025-11-25 19:50:00
481,CUST-0132,"Ethan Walker","QuickCharge 65W USB-C Adapter",Electronics,1,30.66,30.66,2026-02-08 13:13:00
482,CUST-0103,"Harper Miller","PixelClean Screen Wipes 50ct",Accessories,4,10.84,43.36,2025-12-26 13:41:00
483,CUST-0051,"Jack Kim","AllWeather Zip Hoodie",Apparel,1,65.8,65.8,2026-02-11 22:30:00
484,CUST-0098,"Liam Johnson","FlexMount Monitor Arm",Electronics,3,46.93,140.79,2026-01-26 18:08:00
485,CUST-0181,"Logan Scott","FlexMount Monitor Arm",Electronics,4,42.59,170.36,2026-01-16 10:09:00
486,CUST-0115,"Mason Taylor","MechForce TKL Keyboard",Electronics,1,114.68,114.68,2026-01-29 16:20:00
487,CUST-0036,"Luna Johnson","SnapLens Webcam Cover 3-Pack",Accessories,1,8.42,8.42,2026-01-26 05:18:00
488,CUST-0049,"Chloe Scott","Superstrike 2 USB-C Dongle",Electronics,2,17.05,34.1,2025-12-06 05:13:00
489,CUST-0100,"Daniel Adams","MechForce TKL Keyboard",Electronics,2,119.95,239.9,2026-01-17 06:27:00
490,CUST-0058,"Isabella Young","ErgoRise Standing Desk Mat",Home & Office,3,41.23,123.69,2025-12-24 21:09:00
491,CUST-0017,"Aiden Allen","Superstrike 2 Wireless Mouse",Electronics,4,77.34,309.36,2025-12-22 19:34:00
492,CUST-0156,"Alex King","Superstrike 2 Mousepad XL",Electronics,2,26.8,53.6,2026-02-14 00:09:00
493,CUST-0090,"Amelia King","ThermoMug Smart Warmer",Home & Office,1,36.84,36.84,2026-02-02 15:00:00
494,CUST-0046,"Oliver Lee","NanoHub 7-Port USB Hub",Electronics,3,28.53,85.59,2026-01-19 01:07:00
495,CUST-0065,"Ava Smith","NanoHub 7-Port USB Hub",Electronics,3,26.77,80.31,2025-12-19 17:27:00
496,CUST-0002,"Ella Robinson","Superstrike 2 Mousepad XL",Electronics,1,25.05,25.05,2025-12-23 17:25:00
497,CUST-0110,"Evelyn Walker","SnapLens Webcam Cover 3-Pack",Accessories,2,9.79,19.58,2026-01-15 22:08:00
498,CUST-0177,"Ella Robinson","Superstrike 2 USB-C Dongle",Electronics,1,18.89,18.89,2026-02-04 17:02:00
499,CUST-0100,"Daniel Adams","LumiBar LED Desk Lamp",Home & Office,2,31.3,62.6,2026-02-03 15:23:00
500,CUST-0127,"Noah Green","DryFit Performance Tee",Apparel,1,27.16,27.16,2026-01-28 12:32:00
501,CUST-0029,"Sebastian Moore","SteelWeave USB-C Cable 6ft",Accessories,3,15.05,45.15,2025-12-16 18:05:00
502,CUST-0052,"Lily Johnson","StreamDeck Mini Controller",Electronics,4,67.47,269.88,2026-02-12 18:53:00
503,CUST-0149,"Harper Allen","Superstrike 2 Mousepad XL",Electronics,4,33.62,134.48,2025-12-30 02:51:00
504,CUST-0084,"Isabella Smith","FlexFit Joggers",Apparel,1,61.67,61.67,2025-11-26 13:01:00
505,CUST-0071,"Noah Johnson","LumiBar LED Desk Lamp",Home & Office,1,32.61,32.61,2026-01-11 05:33:00
506,CUST-0088,"Jack Taylor","LumiBar LED Desk Lamp",Home & Office,3,49.03,147.09,2025-11-23 15:48:00
507,CUST-0041,"Lucas Harris","AllWeather Zip Hoodie",Apparel,1,64.82,64.82,2025-11-30 04:12:00
508,CUST-0043,"Mason Taylor","QuickCharge 65W USB-C Adapter",Electronics,3,40.64,121.92,2026-02-15 06:11:00
509,CUST-0002,"Ella Robinson","NanoHub 7-Port USB Hub",Electronics,1,24.82,24.82,2026-01-11 15:29:00
510,CUST-0102,"Ella King","StreamDeck Mini Controller",Electronics,1,65.6,65.6,2025-12-04 08:51:00
511,CUST-0032,"Lucas Anderson","SnapLens Webcam Cover 3-Pack",Accessories,2,7.61,15.22,2025-12-13 22:06:00
512,CUST-0170,"Aiden Wright","AirPure Mini Humidifier",Home & Office,2,29.07,58.14,2026-02-06 05:59:00
513,CUST-0092,"Noah Clark","Superstrike 2 Wireless Mouse",Electronics,4,70.02,280.08,2026-02-09 00:16:00
514,CUST-0164,"Aiden Jones","GlideWrist Ergonomic Wrist Rest",Accessories,1,20.71,20.71,2026-02-13 22:18:00
515,CUST-0075,"Mia Miller","FlexFit Joggers",Apparel,1,45.41,45.41,2026-02-06 21:13:00
516,CUST-0105,"Alex Miller","ErgoRise Standing Desk Mat",Home & Office,3,59.48,178.44,2025-12-18 23:52:00
517,CUST-0009,"Alex Clark","AllWeather Zip Hoodie",Apparel,2,75.22,150.44,2026-01-02 14:28:00
518,CUST-0134,"Sebastian Hall","FlexFit Joggers",Apparel,1,53.17,53.17,2026-01-24 11:02:00
519,CUST-0195,"Evelyn Chen","TitanGrip Phone Case",Accessories,2,17.22,34.44,2026-01-01 13:21:00
520,CUST-0043,"Mason Taylor","DryFit Performance Tee",Apparel,1,29.15,29.15,2026-02-16 11:09:00
521,CUST-0036,"Luna Johnson","Superstrike 2 Wireless Mouse",Electronics,2,62.53,125.06,2026-01-31 09:56:00
522,CUST-0192,"Sophia Williams","FlexFit Joggers",Apparel,1,51.93,51.93,2026-02-03 12:54:00
523,CUST-0059,"Mia Kim","GlideWrist Ergonomic Wrist Rest",Accessories,3,19.85,59.55,2025-12-08 10:17:00
524,CUST-0125,"Evelyn Taylor","Superstrike 2 Wireless Mouse",Electronics,2,66.43,132.86,2025-12-27 23:48:00
525,CUST-0077,"Aiden Clark","ThermoMug Smart Warmer",Home & Office,1,33.34,33.34,2026-01-10 11:20:00
526,CUST-0072,"Elijah Jones","ClearView 27in Monitor",Electronics,3,331.32,993.96,2026-02-16 09:22:00
527,CUST-0185,"Mason Brown","Superstrike 2 Mousepad XL",Electronics,1,33.38,33.38,2025-12-25 17:55:00
528,CUST-0011,"Ella Smith","Superstrike 2 USB-C Dongle",Electronics,3,18.48,55.44,2026-02-14 06:07:00
529,CUST-0070,"Harper Adams","SteelWeave USB-C Cable 6ft",Accessories,3,16.08,48.24,2026-01-25 19:38:00
530,CUST-0142,"James Wilson","CloudStep Running Shoes",Apparel,4,99.98,399.92,2025-12-03 17:51:00
531,CUST-0119,"Amelia Taylor","Superstrike 2 Mousepad XL",Electronics,1,27.31,27.31,2026-02-06 23:45:00
532,CUST-0010,"James Anderson","SoundPulse ANC Headphones",Electronics,3,139.81,419.43,2025-12-27 09:17:00
533,CUST-0067,"Mason Jones","FlexMount Monitor Arm",Electronics,4,38.08,152.32,2026-02-07 06:03:00
534,CUST-0005,"Ella Anderson","GlideWrist Ergonomic Wrist Rest",Accessories,2,23.76,47.52,2026-02-13 00:45:00
535,CUST-0197,"Mia Williams","PixelClean Screen Wipes 50ct",Accessories,1,11.73,11.73,2026-01-28 10:04:00
536,CUST-0019,"Emma Smith","FlexMount Monitor Arm",Electronics,4,36.04,144.16,2026-01-26 19:01:00
537,CUST-0049,"Chloe Scott","FlexMount Monitor Arm",Electronics,1,47.5,47.5,2026-01-29 16:19:00
538,CUST-0034,"Liam Walker","TitanGrip Phone Case",Accessories,1,17.98,17.98,2026-01-26 02:35:00
539,CUST-0126,"Noah Chen","TitanGrip Phone Case",Accessories,3,21.26,63.78,2025-12-28 23:49:00
540,CUST-0011,"Ella Smith","Superstrike 2 Mousepad XL",Electronics,3,30.24,90.72,2025-11-24 16:26:00
541,CUST-0074,"Oliver Robinson","SteelWeave USB-C Cable 6ft",Accessories,2,11.61,23.22,2026-01-21 17:51:00
542,CUST-0072,"Elijah Jones","PowerBank 20000mAh",Accessories,1,42.27,42.27,2026-02-06 03:34:00
543,CUST-0112,"Charlotte Walker","Superstrike 2 Wireless Mouse",Electronics,4,70.76,283.04,2026-02-05 12:44:00
544,CUST-0145,"Ethan Green","PixelClean Screen Wipes 50ct",Accessories,1,11.84,11.84,2026-01-09 16:20:00
545,CUST-0150,"Isabella Anderson","QuickCharge 65W USB-C Adapter",Electronics,2,36.23,72.46,2025-11-22 01:28:00
546,CUST-0189,"Alex Scott","CableBox Organizer",Home & Office,1,14.64,14.64,2026-01-26 12:12:00
547,CUST-0167,"Ava King","LumiBar LED Desk Lamp",Home & Office,4,37.76,151.04,2025-11-24 12:49:00
548,CUST-0199,"Noah Garcia","CableBox Organizer",Home & Office,1,13.46,13.46,2026-01-08 22:50:00
549,CUST-0066,"Luna Walker","GlideWrist Ergonomic Wrist Rest",Accessories,3,18.19,54.57,2026-02-06 08:24:00
550,CUST-0178,"Liam Chen","DryFit Performance Tee",Apparel,3,33.86,101.58,2025-11-19 22:16:00
551,CUST-0154,"Lily Hall","PixelClean Screen Wipes 50ct",Accessories,3,11.81,35.43,2026-02-02 21:02:00
552,CUST-0140,"Alex Robinson","ClearView 27in Monitor",Electronics,3,252.19,756.57,2025-12-05 14:48:00
553,CUST-0132,"Ethan Walker","AirPure Mini Humidifier",Home & Office,1,32.89,32.89,2026-02-15 03:08:00
554,CUST-0157,"Mia Wright","CloudStep Running Shoes",Apparel,2,116.18,232.36,2026-01-12 12:11:00
555,CUST-0189,"Alex Scott","Superstrike 2 Mousepad XL",Electronics,3,27.86,83.58,2025-12-23 11:22:00
556,CUST-0124,"Amelia Lee","StreamDeck Mini Controller",Electronics,3,66.12,198.36,2025-12-13 12:28:00
557,CUST-0005,"Ella Anderson","PixelClean Screen Wipes 50ct",Accessories,3,8.11,24.33,2026-02-14 06:32:00
558,CUST-0124,"Amelia Lee","Superstrike 2 Mousepad XL",Electronics,3,27.11,81.33,2026-01-15 08:54:00
559,CUST-0050,"Liam Anderson","CableBox Organizer",Home & Office,1,22.46,22.46,2026-02-14 15:14:00
560,CUST-0125,"Evelyn Taylor","SoundPulse ANC Headphones",Electronics,2,163.45,326.9,2026-01-09 13:09:00
561,CUST-0199,"Noah Garcia","Superstrike 2 USB-C Dongle",Electronics,4,15.39,61.56,2025-12-15 04:10:00
562,CUST-0021,"Sophia Lewis","ErgoRise Standing Desk Mat",Home & Office,3,44.29,132.87,2026-01-04 01:06:00
563,CUST-0143,"Lucas Jones","ErgoRise Standing Desk Mat",Home & Office,2,45.42,90.84,2026-01-20 22:47:00
564,CUST-0029,"Sebastian Moore","Superstrike 2 Wireless Mouse",Electronics,1,74.95,74.95,2025-12-18 20:02:00
565,CUST-0102,"Ella King","FlexFit Joggers",Apparel,1,46.55,46.55,2025-12-18 12:53:00
566,CUST-0118,"Ava Lewis","SnapLens Webcam Cover 3-Pack",Accessories,3,5.36,16.08,2026-02-15 07:53:00
567,CUST-0041,"Lucas Harris","SoundPulse ANC Headphones",Electronics,3,136.35,409.05,2025-12-15 09:34:00
568,CUST-0059,"Mia Kim","PixelClean Screen Wipes 50ct",Accessories,2,8.85,17.7,2026-01-17 02:48:00
569,CUST-0146,"Sebastian Brown","ThermoMug Smart Warmer",Home & Office,2,29.27,58.54,2025-11-25 08:17:00
570,CUST-0022,"Ethan Davis","FlexMount Monitor Arm",Electronics,4,47.52,190.08,2026-02-15 14:42:00
571,CUST-0001,"Logan Taylor","DryFit Performance Tee",Apparel,3,33.97,101.91,2025-12-14 16:46:00
572,CUST-0009,"Alex Clark","CableBox Organizer",Home & Office,2,16.27,32.54,2025-12-20 16:16:00
573,CUST-0145,"Ethan Green","SteelWeave USB-C Cable 6ft",Accessories,2,11.21,22.42,2025-11-21 11:44:00
574,CUST-0100,"Daniel Adams","ClearView 27in Monitor",Electronics,2,295.62,591.24,2026-01-12 14:21:00
575,CUST-0113,"Noah Jones","ThermoMug Smart Warmer",Home & Office,3,28.21,84.63,2026-02-12 13:14:00
576,CUST-0025,"Mason Jones","AllWeather Zip Hoodie",Apparel,1,56.46,56.46,2025-11-28 08:50:00
577,CUST-0111,"Sebastian Wright","CableBox Organizer",Home & Office,2,13.45,26.9,2026-02-01 12:37:00
578,CUST-0075,"Mia Miller","NanoHub 7-Port USB Hub",Electronics,1,21.15,21.15,2026-01-01 14:18:00
579,CUST-0143,"Lucas Jones","CableBox Organizer",Home & Office,1,21.88,21.88,2025-12-28 15:09:00
580,CUST-0059,"Mia Kim","ClearView 27in Monitor",Electronics,2,298.59,597.18,2025-12-07 07:31:00
581,CUST-0080,"Mason Davis","CloudStep Running Shoes",Apparel,3,98.58,295.74,2025-12-21 16:44:00
582,CUST-0011,"Ella Smith","SoundPulse ANC Headphones",Electronics,2,132.6,265.2,2025-12-21 02:51:00
583,CUST-0118,"Ava Lewis","GlideWrist Ergonomic Wrist Rest",Accessories,2,20.73,41.46,2026-02-15 12:07:00
584,CUST-0096,"Ella King","SteelWeave USB-C Cable 6ft",Accessories,2,13.76,27.52,2026-02-01 17:46:00
585,CUST-0194,"Ella Miller","ClearView 27in Monitor",Electronics,4,341.19,1364.76,2025-12-28 13:06:00
586,CUST-0069,"Ethan Adams","Superstrike 2 Mousepad XL",Electronics,3,26.02,78.06,2026-01-11 12:13:00
587,CUST-0142,"James Wilson","SnapLens Webcam Cover 3-Pack",Accessories,1,8.42,8.42,2025-12-29 17:04:00
588,CUST-0177,"Ella Robinson","NanoHub 7-Port USB Hub",Electronics,1,22.7,22.7,2026-01-25 21:29:00
589,CUST-0199,"Noah Garcia","ThermoMug Smart Warmer",Home & Office,1,30.24,30.24,2025-12-02 00:54:00
590,CUST-0127,"Noah Green","PowerBank 20000mAh",Accessories,2,43.61,87.22,2026-02-15 15:12:00
591,CUST-0121,"Oliver Davis","ClearView 27in Monitor",Electronics,3,348.81,1046.43,2026-02-15 06:00:00
592,CUST-0081,"Alex Williams","StreamDeck Mini Controller",Electronics,3,53.76,161.28,2026-01-28 04:21:00
593,CUST-0089,"Noah Wright","NanoHub 7-Port USB Hub",Electronics,3,25.82,77.46,2026-01-21 20:12:00
594,CUST-0178,"Liam Chen","CableBox Organizer",Home & Office,1,14.41,14.41,2026-01-18 00:30:00
595,CUST-0158,"Isabella Wright","AirPure Mini Humidifier",Home & Office,2,27.48,54.96,2025-12-24 08:32:00
596,CUST-0176,"Mia Allen","CloudStep Running Shoes",Apparel,4,101.76,407.04,2025-12-17 19:47:00
597,CUST-0149,"Harper Allen","Superstrike 2 Wireless Mouse",Electronics,1,63.71,63.71,2026-02-16 10:06:00
598,CUST-0159,"Oliver Miller","SnapLens Webcam Cover 3-Pack",Accessories,3,7.26,21.78,2026-01-30 18:32:00
599,CUST-0002,"Ella Robinson","DryFit Performance Tee",Apparel,2,28.52,57.04,2026-01-23 10:16:00
600,CUST-0140,"Alex Robinson","PixelClean Screen Wipes 50ct",Accessories,1,7.7,7.7,2026-01-04 12:19:00
601,CUST-0184,"Sophia Anderson","FlexMount Monitor Arm",Electronics,1,40.59,40.59,2025-11-22 16:54:00
602,CUST-0114,"Noah Smith","ErgoRise Standing Desk Mat",Home & Office,3,52.78,158.34,2026-02-06 14:49:00
603,CUST-0131,"Emma Wilson","QuickCharge 65W USB-C Adapter",Electronics,1,39.26,39.26,2026-01-29 14:12:00
604,CUST-0081,"Alex Williams","CableBox Organizer",Home & Office,1,13.2,13.2,2026-01-12 21:46:00
605,CUST-0100,"Daniel Adams","PowerBank 20000mAh",Accessories,3,36.53,109.59,2026-01-22 09:29:00
606,CUST-0159,"Oliver Miller","DryFit Performance Tee",Apparel,3,30.62,91.86,2026-02-05 12:17:00
607,CUST-0137,"Amelia Johnson","CableBox Organizer",Home & Office,1,17.43,17.43,2025-11-22 06:45:00
608,CUST-0142,"James Wilson","CloudStep Running Shoes",Apparel,2,107.64,215.28,2025-12-18 15:23:00
609,CUST-0193,"Lily Harris","SnapLens Webcam Cover 3-Pack",Accessories,1,7.86,7.86,2025-12-14 05:16:00
610,CUST-0191,"James Miller","ErgoRise Standing Desk Mat",Home & Office,4,52.1,208.4,2026-01-29 02:53:00
611,CUST-0005,"Ella Anderson","StreamDeck Mini Controller",Electronics,1,55.26,55.26,2025-12-29 07:40:00
612,CUST-0094,"Mia Lee","PowerBank 20000mAh",Accessories,3,45.18,135.54,2026-02-06 06:27:00
613,CUST-0112,"Charlotte Walker","MechForce TKL Keyboard",Electronics,3,111.74,335.22,2026-01-16 22:35:00
614,CUST-0181,"Logan Scott","Superstrike 2 Mousepad XL",Electronics,1,29.84,29.84,2026-02-15 22:47:00
615,CUST-0092,"Noah Clark","LumiBar LED Desk Lamp",Home & Office,3,42.84,128.52,2026-02-16 06:42:00
616,CUST-0139,"Emma Brown","QuickCharge 65W USB-C Adapter",Electronics,1,31.49,31.49,2026-01-01 20:53:00
617,CUST-0041,"Lucas Harris","NanoHub 7-Port USB Hub",Electronics,3,26.55,79.65,2026-01-21 18:28:00
618,CUST-0163,"Mason Green","ErgoRise Standing Desk Mat",Home & Office,3,47.67,143.01,2026-01-03 09:28:00
619,CUST-0004,"Mason Clark","StreamDeck Mini Controller",Electronics,2,55.33,110.66,2025-12-04 04:22:00
620,CUST-0008,"Ava Thomas","TitanGrip Phone Case",Accessories,1,15.4,15.4,2026-02-05 18:12:00
621,CUST-0179,"Mason Walker","SteelWeave USB-C Cable 6ft",Accessories,3,15.67,47.01,2025-11-25 01:43:00
622,CUST-0075,"Mia Miller","StreamDeck Mini Controller",Electronics,2,56.98,113.96,2026-02-06 06:27:00
623,CUST-0025,"Mason Jones","GlideWrist Ergonomic Wrist Rest",Accessories,2,18.58,37.16,2026-01-06 20:11:00
624,CUST-0123,"Amelia Jones","GlideWrist Ergonomic Wrist Rest",Accessories,2,24.28,48.56,2025-11-21 22:09:00
625,CUST-0161,"Logan Wright","ErgoRise Standing Desk Mat",Home & Office,3,40.23,120.69,2025-11-22 08:38:00
626,CUST-0024,"Amelia Williams","SnapLens Webcam Cover 3-Pack",Accessories,2,8.57,17.14,2025-11-22 21:22:00
627,CUST-0012,"Harper Chen","PowerBank 20000mAh",Accessories,3,47.3,141.9,2025-12-11 19:21:00
628,CUST-0166,"Daniel Walker","Superstrike 2 Wireless Mouse",Electronics,1,70.93,70.93,2026-01-31 14:23:00
629,CUST-0024,"Amelia Williams","GlideWrist Ergonomic Wrist Rest",Accessories,2,16.97,33.94,2025-12-04 13:52:00
630,CUST-0182,"Henry Miller","ErgoRise Standing Desk Mat",Home & Office,1,55.74,55.74,2026-02-06 06:32:00
631,CUST-0196,"Daniel Young","Superstrike 2 USB-C Dongle",Electronics,2,18.51,37.02,2025-11-24 22:52:00
632,CUST-0135,"Evelyn Young","PixelClean Screen Wipes 50ct",Accessories,3,7.73,23.19,2026-01-10 14:44:00
633,CUST-0134,"Sebastian Hall","StreamDeck Mini Controller",Electronics,3,61.43,184.29,2025-11-21 03:24:00
634,CUST-0048,"Alex Davis","SoundPulse ANC Headphones",Electronics,4,133.35,533.4,2025-12-05 17:06:00
635,CUST-0172,"Charlotte Clark","TitanGrip Phone Case",Accessories,3,24.3,72.9,2026-01-15 17:11:00
636,CUST-0079,"Sophia Davis","GlideWrist Ergonomic Wrist Rest",Accessories,1,19.25,19.25,2026-01-28 07:34:00
637,CUST-0136,"Elijah Allen","NanoHub 7-Port USB Hub",Electronics,3,20.21,60.63,2026-01-08 13:37:00
638,CUST-0128,"Liam Wright","Superstrike 2 Wireless Mouse",Electronics,1,67.6,67.6,2026-01-31 02:25:00
639,CUST-0028,"Grace Garcia","PowerBank 20000mAh",Accessories,2,46.54,93.08,2026-02-02 10:45:00
640,CUST-0056,"Lucas Williams","ThermoMug Smart Warmer",Home & Office,1,39.53,39.53,2026-01-11 08:41:00
641,CUST-0003,"Ava Thomas","TitanGrip Phone Case",Accessories,3,19.72,59.16,2025-12-27 15:51:00
642,CUST-0060,"Ella Wilson","PixelClean Screen Wipes 50ct",Accessories,1,8.5,8.5,2025-11-28 22:17:00
643,CUST-0039,"Elijah Scott","SoundPulse ANC Headphones",Electronics,4,147.63,590.52,2026-02-11 18:33:00
644,CUST-0118,"Ava Lewis","Superstrike 2 Mousepad XL",Electronics,1,26.68,26.68,2026-02-09 09:16:00
645,CUST-0040,"Charlotte Harris","AllWeather Zip Hoodie",Apparel,4,72.71,290.84,2026-02-04 06:56:00
646,CUST-0039,"Elijah Scott","GlideWrist Ergonomic Wrist Rest",Accessories,2,15.57,31.14,2025-12-11 03:13:00
647,CUST-0160,"Amelia King","Superstrike 2 Mousepad XL",Electronics,1,32.07,32.07,2026-02-10 21:52:00
648,CUST-0026,"Liam Lewis","Superstrike 2 USB-C Dongle",Electronics,1,18.71,18.71,2026-01-24 05:12:00
649,CUST-0040,"Charlotte Harris","SoundPulse ANC Headphones",Electronics,2,164.05,328.1,2026-01-30 16:58:00
650,CUST-0111,"Sebastian Wright","Superstrike 2 Mousepad XL",Electronics,1,26.26,26.26,2026-01-26 01:50:00
651,CUST-0066,"Luna Walker","SnapLens Webcam Cover 3-Pack",Accessories,3,9.36,28.08,2026-02-15 17:28:00
652,CUST-0153,"Elijah Adams","CableBox Organizer",Home & Office,2,17.26,34.52,2026-01-20 18:47:00
653,CUST-0051,"Jack Kim","CableBox Organizer",Home & Office,2,13.33,26.66,2026-02-06 02:01:00
654,CUST-0015,"Amelia Chen","GlideWrist Ergonomic Wrist Rest",Accessories,1,18.81,18.81,2026-01-24 23:07:00
655,CUST-0144,"Jack Lee","TitanGrip Phone Case",Accessories,1,16.36,16.36,2025-12-20 08:47:00
656,CUST-0105,"Alex Miller","PowerBank 20000mAh",Accessories,1,46.83,46.83,2026-01-26 09:00:00
657,CUST-0182,"Henry Miller","NanoHub 7-Port USB Hub",Electronics,2,24.83,49.66,2025-11-23 06:01:00
658,CUST-0107,"Isabella King","CableBox Organizer",Home & Office,3,13.67,41.01,2025-12-05 23:18:00
659,CUST-0012,"Harper Chen","SteelWeave USB-C Cable 6ft",Accessories,3,14.74,44.22,2026-02-16 01:42:00
660,CUST-0172,"Charlotte Clark","AllWeather Zip Hoodie",Apparel,1,57.07,57.07,2026-01-12 22:04:00
661,CUST-0060,"Ella Wilson","AirPure Mini Humidifier",Home & Office,3,30.2,90.6,2026-01-06 20:52:00
662,CUST-0194,"Ella Miller","QuickCharge 65W USB-C Adapter",Electronics,1,31.64,31.64,2025-12-23 21:12:00
663,CUST-0056,"Lucas Williams","AllWeather Zip Hoodie",Apparel,2,72.81,145.62,2025-12-15 04:09:00
664,CUST-0069,"Ethan Adams","FlexFit Joggers",Apparel,2,58.02,116.04,2026-01-19 09:54:00
665,CUST-0047,"Mason Kim","PixelClean Screen Wipes 50ct",Accessories,3,11.79,35.37,2025-12-12 14:41:00
666,CUST-0045,"Lily Wright","Superstrike 2 Wireless Mouse",Electronics,3,65.19,195.57,2026-01-27 13:35:00
667,CUST-0098,"Liam Johnson","MechForce TKL Keyboard",Electronics,1,99.2,99.2,2026-01-05 23:44:00
668,CUST-0029,"Sebastian Moore","AllWeather Zip Hoodie",Apparel,1,56.03,56.03,2025-11-29 12:48:00
669,CUST-0051,"Jack Kim","FlexMount Monitor Arm",Electronics,4,46.51,186.04,2025-12-09 20:54:00
670,CUST-0092,"Noah Clark","Superstrike 2 USB-C Dongle",Electronics,2,18.22,36.44,2025-11-23 10:33:00
671,CUST-0179,"Mason Walker","PixelClean Screen Wipes 50ct",Accessories,3,9.86,29.58,2025-12-24 07:37:00
672,CUST-0002,"Ella Robinson","DryFit Performance Tee",Apparel,1,26.75,26.75,2025-11-22 13:33:00
673,CUST-0057,"Logan Wright","ErgoRise Standing Desk Mat",Home & Office,1,47.3,47.3,2026-01-01 15:43:00
674,CUST-0151,"Daniel Lee","NanoHub 7-Port USB Hub",Electronics,3,24.99,74.97,2025-11-23 09:11:00
675,CUST-0032,"Lucas Anderson","Superstrike 2 Mousepad XL",Electronics,1,32.35,32.35,2026-01-14 06:40:00
676,CUST-0075,"Mia Miller","SoundPulse ANC Headphones",Electronics,4,141.98,567.92,2026-02-15 20:17:00
677,CUST-0106,"Sebastian Clark","ErgoRise Standing Desk Mat",Home & Office,1,50.7,50.7,2026-02-16 10:53:00
678,CUST-0031,"Olivia Chen","Superstrike 2 USB-C Dongle",Electronics,3,19.96,59.88,2026-01-21 21:33:00
679,CUST-0144,"Jack Lee","ClearView 27in Monitor",Electronics,3,270.92,812.76,2026-01-10 20:49:00
680,CUST-0137,"Amelia Johnson","StreamDeck Mini Controller",Electronics,4,63.19,252.76,2026-02-08 18:58:00
681,CUST-0091,"Henry Taylor","QuickCharge 65W USB-C Adapter",Electronics,1,34.26,34.26,2026-01-12 01:21:00
682,CUST-0004,"Mason Clark","CableBox Organizer",Home & Office,2,14.13,28.26,2025-12-04 01:36:00
683,CUST-0032,"Lucas Anderson","Superstrike 2 Mousepad XL",Electronics,2,34.4,68.8,2026-01-21 12:23:00
684,CUST-0184,"Sophia Anderson","PowerBank 20000mAh",Accessories,2,40.9,81.8,2026-01-18 18:27:00
685,CUST-0150,"Isabella Anderson","StreamDeck Mini Controller",Electronics,2,62.19,124.38,2026-01-09 10:37:00
686,CUST-0145,"Ethan Green","StreamDeck Mini Controller",Electronics,1,62.3,62.3,2026-02-16 01:48:00
687,CUST-0001,"Logan Taylor","FlexMount Monitor Arm",Electronics,4,39.38,157.52,2026-01-03 19:52:00
688,CUST-0126,"Noah Chen","SnapLens Webcam Cover 3-Pack",Accessories,1,7.62,7.62,2025-12-01 02:46:00
689,CUST-0103,"Harper Miller","FlexMount Monitor Arm",Electronics,4,41.26,165.04,2026-02-15 22:37:00
690,CUST-0174,"Emma Johnson","NanoHub 7-Port USB Hub",Electronics,2,20.55,41.1,2026-01-07 11:01:00
691,CUST-0183,"Liam Clark","AirPure Mini Humidifier",Home & Office,3,32.35,97.05,2026-02-15 22:18:00
692,CUST-0158,"Isabella Wright","NanoHub 7-Port USB Hub",Electronics,2,29.7,59.4,2026-01-12 03:44:00
693,CUST-0077,"Aiden Clark","Superstrike 2 Wireless Mouse",Electronics,3,73.22,219.66,2025-12-30 00:06:00
694,CUST-0040,"Charlotte Harris","DryFit Performance Tee",Apparel,2,25.98,51.96,2025-12-23 03:58:00
695,CUST-0143,"Lucas Jones","DryFit Performance Tee",Apparel,2,29.22,58.44,2026-02-10 03:12:00
696,CUST-0196,"Daniel Young","Superstrike 2 Mousepad XL",Electronics,2,29.85,59.7,2026-01-21 22:12:00
697,CUST-0042,"Isabella Walker","CloudStep Running Shoes",Apparel,2,91.08,182.16,2025-12-11 05:40:00
698,CUST-0115,"Mason Taylor","FlexFit Joggers",Apparel,1,58.7,58.7,2026-02-05 23:26:00
699,CUST-0032,"Lucas Anderson","GlideWrist Ergonomic Wrist Rest",Accessories,1,18.12,18.12,2025-12-30 04:15:00
700,CUST-0152,"Alex Lee","QuickCharge 65W USB-C Adapter",Electronics,4,38.98,155.92,2026-01-24 00:41:00
701,CUST-0047,"Mason Kim","TitanGrip Phone Case",Accessories,4,15.93,63.72,2026-02-12 20:54:00
702,CUST-0170,"Aiden Wright","Superstrike 2 Mousepad XL",Electronics,2,29.29,58.58,2026-02-07 04:50:00
703,CUST-0127,"Noah Green","AirPure Mini Humidifier",Home & Office,2,34.49,68.98,2026-02-03 10:28:00
704,CUST-0189,"Alex Scott","PixelClean Screen Wipes 50ct",Accessories,3,9.94,29.82,2026-01-10 03:06:00
705,CUST-0033,"Logan Wright","QuickCharge 65W USB-C Adapter",Electronics,1,30.56,30.56,2025-11-19 20:07:00
706,CUST-0145,"Ethan Green","SnapLens Webcam Cover 3-Pack",Accessories,4,8.61,34.44,2026-01-07 13:06:00
707,CUST-0029,"Sebastian Moore","StreamDeck Mini Controller",Electronics,2,62.4,124.8,2025-12-19 05:45:00
708,CUST-0124,"Amelia Lee","AllWeather Zip Hoodie",Apparel,4,61.18,244.72,2026-02-08 01:41:00
709,CUST-0122,"Isabella Patel","StreamDeck Mini Controller",Electronics,1,51.13,51.13,2025-12-20 18:28:00
710,CUST-0139,"Emma Brown","CableBox Organizer",Home & Office,2,18.21,36.42,2025-12-08 18:39:00
711,CUST-0061,"James Hall","GlideWrist Ergonomic Wrist Rest",Accessories,4,19.29,77.16,2026-02-14 04:02:00
712,CUST-0060,"Ella Wilson","MechForce TKL Keyboard",Electronics,2,122.47,244.94,2026-02-14 07:14:00
713,CUST-0196,"Daniel Young","QuickCharge 65W USB-C Adapter",Electronics,2,41.15,82.3,2026-02-15 12:07:00
714,CUST-0043,"Mason Taylor","DryFit Performance Tee",Apparel,3,29.12,87.36,2025-12-11 11:56:00
715,CUST-0058,"Isabella Young","CableBox Organizer",Home & Office,1,13.85,13.85,2026-01-27 20:40:00
716,CUST-0018,"Isabella Taylor","Superstrike 2 Wireless Mouse",Electronics,1,71.44,71.44,2026-02-14 03:09:00
717,CUST-0178,"Liam Chen","PixelClean Screen Wipes 50ct",Accessories,1,8,8,2026-01-19 23:02:00
718,CUST-0111,"Sebastian Wright","FlexMount Monitor Arm",Electronics,1,48.52,48.52,2026-02-10 04:45:00
719,CUST-0037,"Amelia Allen","FlexFit Joggers",Apparel,1,61.4,61.4,2026-02-14 01:25:00
720,CUST-0198,"Chloe Thomas","TitanGrip Phone Case",Accessories,2,27.38,54.76,2026-01-12 03:06:00
721,CUST-0180,"Mason King","Superstrike 2 Mousepad XL",Electronics,3,31.38,94.14,2026-01-02 21:09:00
722,CUST-0087,"Luna Scott","Superstrike 2 Wireless Mouse",Electronics,1,73.28,73.28,2025-12-24 22:40:00
723,CUST-0052,"Lily Johnson","FlexFit Joggers",Apparel,2,45.98,91.96,2026-01-25 04:50:00
724,CUST-0200,"Chloe Moore","LumiBar LED Desk Lamp",Home & Office,1,36.5,36.5,2026-02-09 20:25:00
725,CUST-0073,"Mia Taylor","FlexFit Joggers",Apparel,2,64.47,128.94,2026-02-13 18:58:00
726,CUST-0108,"Noah Miller","SteelWeave USB-C Cable 6ft",Accessories,2,13.96,27.92,2026-01-17 10:49:00
727,CUST-0095,"Lily Anderson","LumiBar LED Desk Lamp",Home & Office,1,34.67,34.67,2025-12-08 03:56:00
728,CUST-0148,"Sebastian Robinson","AirPure Mini Humidifier",Home & Office,3,21.26,63.78,2025-11-20 10:53:00
729,CUST-0097,"Daniel Smith","TitanGrip Phone Case",Accessories,3,22.87,68.61,2025-12-20 04:07:00
730,CUST-0077,"Aiden Clark","QuickCharge 65W USB-C Adapter",Electronics,1,33.36,33.36,2026-02-13 21:54:00
731,CUST-0116,"Harper Walker","Superstrike 2 Mousepad XL",Electronics,3,34.9,104.7,2026-01-13 19:24:00
732,CUST-0051,"Jack Kim","ClearView 27in Monitor",Electronics,1,266.24,266.24,2025-12-22 08:24:00
733,CUST-0128,"Liam Wright","StreamDeck Mini Controller",Electronics,1,68.05,68.05,2025-11-18 15:48:00
734,CUST-0163,"Mason Green","QuickCharge 65W USB-C Adapter",Electronics,1,39.24,39.24,2026-02-15 15:49:00
735,CUST-0114,"Noah Smith","ThermoMug Smart Warmer",Home & Office,3,26.08,78.24,2026-01-29 06:24:00
736,CUST-0107,"Isabella King","CloudStep Running Shoes",Apparel,4,109.22,436.88,2025-12-29 13:40:00
737,CUST-0004,"Mason Clark","Superstrike 2 USB-C Dongle",Electronics,1,18.74,18.74,2026-02-07 10:36:00
738,CUST-0096,"Ella King","PowerBank 20000mAh",Accessories,3,41.4,124.2,2025-12-17 11:39:00
739,CUST-0030,"Sebastian Patel","CableBox Organizer",Home & Office,1,14.43,14.43,2026-02-11 18:54:00
740,CUST-0102,"Ella King","LumiBar LED Desk Lamp",Home & Office,3,42.14,126.42,2025-11-27 17:09:00
741,CUST-0130,"Liam Allen","CableBox Organizer",Home & Office,3,22.65,67.95,2025-12-12 12:18:00
742,CUST-0172,"Charlotte Clark","AirPure Mini Humidifier",Home & Office,4,34.11,136.44,2026-01-16 19:19:00
743,CUST-0089,"Noah Wright","GlideWrist Ergonomic Wrist Rest",Accessories,4,23.03,92.12,2026-01-15 16:42:00
744,CUST-0014,"Ava Young","Superstrike 2 Mousepad XL",Electronics,2,26.93,53.86,2026-02-12 18:56:00
745,CUST-0175,"Liam Kim","NanoHub 7-Port USB Hub",Electronics,3,27.34,82.02,2026-01-23 19:53:00
746,CUST-0177,"Ella Robinson","LumiBar LED Desk Lamp",Home & Office,2,36.87,73.74,2025-11-25 12:01:00
747,CUST-0045,"Lily Wright","GlideWrist Ergonomic Wrist Rest",Accessories,2,19.23,38.46,2025-12-09 01:30:00
748,CUST-0047,"Mason Kim","NanoHub 7-Port USB Hub",Electronics,1,28.18,28.18,2026-02-09 18:10:00
749,CUST-0116,"Harper Walker","LumiBar LED Desk Lamp",Home & Office,3,49.8,149.4,2025-11-19 22:29:00
750,CUST-0159,"Oliver Miller","AllWeather Zip Hoodie",Apparel,3,68.41,205.23,2026-02-11 15:26:00
751,CUST-0035,"Sebastian Jones","SoundPulse ANC Headphones",Electronics,4,153.17,612.68,2026-01-22 03:09:00
752,CUST-0072,"Elijah Jones","MechForce TKL Keyboard",Electronics,1,101.58,101.58,2025-12-04 06:26:00
753,CUST-0064,"Logan Anderson","AirPure Mini Humidifier",Home & Office,2,23.41,46.82,2026-01-26 11:10:00
754,CUST-0088,"Jack Taylor","CloudStep Running Shoes",Apparel,4,99,396,2026-02-10 11:01:00
755,CUST-0040,"Charlotte Harris","QuickCharge 65W USB-C Adapter",Electronics,1,36.45,36.45,2026-02-07 12:14:00
756,CUST-0039,"Elijah Scott","MechForce TKL Keyboard",Electronics,2,113.54,227.08,2026-01-29 18:45:00
757,CUST-0067,"Mason Jones","MechForce TKL Keyboard",Electronics,4,126.42,505.68,2025-12-24 21:33:00
758,CUST-0127,"Noah Green","StreamDeck Mini Controller",Electronics,2,66.2,132.4,2026-01-05 14:20:00
759,CUST-0195,"Evelyn Chen","SteelWeave USB-C Cable 6ft",Accessories,4,11.82,47.28,2025-12-29 03:15:00
760,CUST-0154,"Lily Hall","AllWeather Zip Hoodie",Apparel,1,62.76,62.76,2026-02-05 03:56:00
761,CUST-0126,"Noah Chen","ThermoMug Smart Warmer",Home & Office,2,34.31,68.62,2026-01-27 05:23:00
762,CUST-0092,"Noah Clark","QuickCharge 65W USB-C Adapter",Electronics,2,36.44,72.88,2025-12-15 21:27:00
763,CUST-0077,"Aiden Clark","FlexFit Joggers",Apparel,1,60.23,60.23,2026-02-02 21:36:00
764,CUST-0041,"Lucas Harris","MechForce TKL Keyboard",Electronics,4,104.88,419.52,2026-01-09 22:29:00
765,CUST-0129,"Oliver Thomas","Superstrike 2 Wireless Mouse",Electronics,2,69.07,138.14,2026-02-13 18:24:00
766,CUST-0178,"Liam Chen","MechForce TKL Keyboard",Electronics,1,100.1,100.1,2026-02-14 04:51:00
767,CUST-0069,"Ethan Adams","AllWeather Zip Hoodie",Apparel,1,67.22,67.22,2025-12-16 01:29:00
768,CUST-0087,"Luna Scott","QuickCharge 65W USB-C Adapter",Electronics,4,39.5,158,2026-02-13 23:14:00
769,CUST-0051,"Jack Kim","ClearView 27in Monitor",Electronics,4,253.57,1014.28,2026-01-13 15:50:00
770,CUST-0021,"Sophia Lewis","SoundPulse ANC Headphones",Electronics,1,143.35,143.35,2026-02-02 02:45:00
771,CUST-0014,"Ava Young","Superstrike 2 Wireless Mouse",Electronics,2,75.37,150.74,2026-02-16 05:06:00
772,CUST-0008,"Ava Thomas","SteelWeave USB-C Cable 6ft",Accessories,4,10.26,41.04,2026-02-15 07:31:00
773,CUST-0189,"Alex Scott","CloudStep Running Shoes",Apparel,2,109.41,218.82,2026-01-31 22:23:00
774,CUST-0130,"Liam Allen","CableBox Organizer",Home & Office,3,19.81,59.43,2026-01-08 23:08:00
775,CUST-0026,"Liam Lewis","StreamDeck Mini Controller",Electronics,1,50.29,50.29,2025-11-27 15:53:00
776,CUST-0194,"Ella Miller","StreamDeck Mini Controller",Electronics,2,59.15,118.3,2025-11-26 08:11:00
777,CUST-0163,"Mason Green","GlideWrist Ergonomic Wrist Rest",Accessories,3,24.3,72.9,2026-01-28 01:21:00
778,CUST-0123,"Amelia Jones","FlexFit Joggers",Apparel,2,54.41,108.82,2026-01-20 20:57:00
779,CUST-0015,"Amelia Chen","Superstrike 2 Mousepad XL",Electronics,2,26.41,52.82,2025-12-23 03:08:00
780,CUST-0165,"Logan Young","Superstrike 2 Mousepad XL",Electronics,3,25.93,77.79,2026-02-16 09:39:00
781,CUST-0184,"Sophia Anderson","StreamDeck Mini Controller",Electronics,1,59.28,59.28,2026-01-20 01:45:00
782,CUST-0126,"Noah Chen","SteelWeave USB-C Cable 6ft",Accessories,1,13.37,13.37,2026-01-23 22:06:00
783,CUST-0002,"Ella Robinson","FlexFit Joggers",Apparel,2,57.52,115.04,2026-02-05 17:42:00
784,CUST-0132,"Ethan Walker","QuickCharge 65W USB-C Adapter",Electronics,1,44.76,44.76,2026-02-05 13:03:00
785,CUST-0070,"Harper Adams","PixelClean Screen Wipes 50ct",Accessories,3,8.07,24.21,2026-02-12 06:45:00
786,CUST-0071,"Noah Johnson","TitanGrip Phone Case",Accessories,1,15.21,15.21,2026-01-27 17:19:00
787,CUST-0109,"James Garcia","LumiBar LED Desk Lamp",Home & Office,1,36.33,36.33,2026-01-16 20:36:00
788,CUST-0013,"Mason Smith","FlexFit Joggers",Apparel,2,55.43,110.86,2026-01-26 00:58:00
789,CUST-0034,"Liam Walker","LumiBar LED Desk Lamp",Home & Office,1,34.34,34.34,2026-01-02 02:22:00
790,CUST-0169,"Aiden Garcia","QuickCharge 65W USB-C Adapter",Electronics,3,44.41,133.23,2025-12-25 07:42:00
791,CUST-0034,"Liam Walker","AllWeather Zip Hoodie",Apparel,3,66.15,198.45,2026-02-15 05:15:00
792,CUST-0078,"Elijah Harris","Superstrike 2 Mousepad XL",Electronics,1,30.92,30.92,2025-11-23 18:50:00
793,CUST-0052,"Lily Johnson","ErgoRise Standing Desk Mat",Home & Office,3,51.6,154.8,2026-02-12 17:28:00
794,CUST-0182,"Henry Miller","QuickCharge 65W USB-C Adapter",Electronics,3,39.81,119.43,2025-11-25 04:35:00
795,CUST-0184,"Sophia Anderson","DryFit Performance Tee",Apparel,1,27.72,27.72,2026-01-24 11:02:00
796,CUST-0098,"Liam Johnson","Superstrike 2 USB-C Dongle",Electronics,1,18.37,18.37,2025-12-11 06:38:00
797,CUST-0177,"Ella Robinson","Superstrike 2 Mousepad XL",Electronics,2,32.43,64.86,2026-01-05 08:27:00
798,CUST-0095,"Lily Anderson","CableBox Organizer",Home & Office,4,20.3,81.2,2026-02-15 09:35:00
799,CUST-0078,"Elijah Harris","FlexMount Monitor Arm",Electronics,2,45.56,91.12,2025-11-24 20:55:00
800,CUST-0049,"Chloe Scott","FlexMount Monitor Arm",Electronics,3,53.02,159.06,2026-01-05 11:45:00
801,CUST-0072,"Elijah Jones","FlexFit Joggers",Apparel,1,64.36,64.36,2026-01-01 15:37:00
802,CUST-0055,"Noah Lewis","StreamDeck Mini Controller",Electronics,1,53.51,53.51,2026-01-20 03:17:00
803,CUST-0152,"Alex Lee","ThermoMug Smart Warmer",Home & Office,1,27.63,27.63,2025-12-18 20:58:00
804,CUST-0039,"Elijah Scott","LumiBar LED Desk Lamp",Home & Office,3,43.5,130.5,2025-12-08 06:05:00
805,CUST-0137,"Amelia Johnson","CloudStep Running Shoes",Apparel,2,99.11,198.22,2026-01-31 00:55:00
806,CUST-0124,"Amelia Lee","ClearView 27in Monitor",Electronics,1,263.11,263.11,2025-12-21 23:17:00
807,CUST-0078,"Elijah Harris","PowerBank 20000mAh",Accessories,2,45.95,91.9,2026-02-12 21:51:00
808,CUST-0133,"Elijah Garcia","Superstrike 2 Wireless Mouse",Electronics,1,70.77,70.77,2026-01-31 17:09:00
809,CUST-0115,"Mason Taylor","MechForce TKL Keyboard",Electronics,3,109.94,329.82,2026-02-03 07:00:00
810,CUST-0072,"Elijah Jones","NanoHub 7-Port USB Hub",Electronics,2,29.13,58.26,2026-01-24 15:53:00
811,CUST-0096,"Ella King","QuickCharge 65W USB-C Adapter",Electronics,3,43.51,130.53,2026-02-14 15:17:00
812,CUST-0080,"Mason Davis","SteelWeave USB-C Cable 6ft",Accessories,1,16.84,16.84,2026-02-02 10:09:00
813,CUST-0025,"Mason Jones","TitanGrip Phone Case",Accessories,1,22.62,22.62,2026-02-06 18:44:00
814,CUST-0196,"Daniel Young","ThermoMug Smart Warmer",Home & Office,4,29.81,119.24,2026-01-05 20:29:00
815,CUST-0128,"Liam Wright","PowerBank 20000mAh",Accessories,3,38.37,115.11,2026-01-09 17:28:00
816,CUST-0021,"Sophia Lewis","AirPure Mini Humidifier",Home & Office,1,33.18,33.18,2026-01-29 16:08:00
817,CUST-0151,"Daniel Lee","FlexFit Joggers",Apparel,1,53,53,2026-01-02 10:47:00
818,CUST-0112,"Charlotte Walker","SoundPulse ANC Headphones",Electronics,1,159.84,159.84,2026-01-28 12:32:00
819,CUST-0123,"Amelia Jones","ClearView 27in Monitor",Electronics,2,278.41,556.82,2026-01-05 03:31:00
820,CUST-0012,"Harper Chen","DryFit Performance Tee",Apparel,3,32,96,2026-02-07 06:55:00
821,CUST-0034,"Liam Walker","SnapLens Webcam Cover 3-Pack",Accessories,1,8.5,8.5,2025-12-05 18:35:00
822,CUST-0044,"Ella Robinson","Superstrike 2 Wireless Mouse",Electronics,1,77.12,77.12,2026-02-16 05:32:00
823,CUST-0059,"Mia Kim","GlideWrist Ergonomic Wrist Rest",Accessories,1,20.05,20.05,2025-12-15 00:00:00
824,CUST-0021,"Sophia Lewis","Superstrike 2 Wireless Mouse",Electronics,1,61.94,61.94,2026-02-14 03:27:00
825,CUST-0106,"Sebastian Clark","Superstrike 2 Wireless Mouse",Electronics,1,78.48,78.48,2025-12-08 14:59:00
826,CUST-0112,"Charlotte Walker","CloudStep Running Shoes",Apparel,2,112.3,224.6,2026-01-21 12:37:00
827,CUST-0062,"Evelyn Wright","LumiBar LED Desk Lamp",Home & Office,1,45.87,45.87,2025-11-24 15:00:00
828,CUST-0179,"Mason Walker","GlideWrist Ergonomic Wrist Rest",Accessories,3,21.9,65.7,2025-11-29 13:12:00
829,CUST-0072,"Elijah Jones","SnapLens Webcam Cover 3-Pack",Accessories,3,8.29,24.87,2026-01-10 12:48:00
830,CUST-0017,"Aiden Allen","GlideWrist Ergonomic Wrist Rest",Accessories,1,15.45,15.45,2025-12-18 05:59:00
831,CUST-0116,"Harper Walker","MechForce TKL Keyboard",Electronics,2,100.8,201.6,2026-01-29 22:41:00
832,CUST-0052,"Lily Johnson","CloudStep Running Shoes",Apparel,2,95.27,190.54,2026-01-02 08:48:00
833,CUST-0021,"Sophia Lewis","NanoHub 7-Port USB Hub",Electronics,1,24.54,24.54,2025-12-22 14:17:00
834,CUST-0083,"Isabella Kim","ThermoMug Smart Warmer",Home & Office,3,34.67,104.01,2026-01-06 23:43:00
835,CUST-0165,"Logan Young","ClearView 27in Monitor",Electronics,2,315.8,631.6,2025-12-08 19:52:00
836,CUST-0004,"Mason Clark","Superstrike 2 Wireless Mouse",Electronics,2,72.98,145.96,2026-01-26 03:20:00
837,CUST-0154,"Lily Hall","SnapLens Webcam Cover 3-Pack",Accessories,2,9.06,18.12,2025-12-30 21:08:00
838,CUST-0133,"Elijah Garcia","SteelWeave USB-C Cable 6ft",Accessories,1,11.54,11.54,2026-01-31 17:54:00
839,CUST-0014,"Ava Young","QuickCharge 65W USB-C Adapter",Electronics,1,30.72,30.72,2025-12-18 10:27:00
840,CUST-0166,"Daniel Walker","CableBox Organizer",Home & Office,2,16.31,32.62,2026-01-28 02:41:00
841,CUST-0091,"Henry Taylor","ErgoRise Standing Desk Mat",Home & Office,1,40.68,40.68,2026-01-28 13:27:00
842,CUST-0180,"Mason King","Superstrike 2 USB-C Dongle",Electronics,2,17.04,34.08,2026-01-01 14:01:00
843,CUST-0040,"Charlotte Harris","SnapLens Webcam Cover 3-Pack",Accessories,3,5.44,16.32,2026-01-16 12:27:00
844,CUST-0182,"Henry Miller","DryFit Performance Tee",Apparel,3,34.08,102.24,2026-01-15 22:34:00
845,CUST-0153,"Elijah Adams","Superstrike 2 USB-C Dongle",Electronics,1,17.99,17.99,2026-01-16 08:36:00
846,CUST-0098,"Liam Johnson","Superstrike 2 USB-C Dongle",Electronics,3,17.98,53.94,2025-12-14 20:17:00
847,CUST-0081,"Alex Williams","PixelClean Screen Wipes 50ct",Accessories,1,11.72,11.72,2025-12-09 01:55:00
848,CUST-0016,"Ava King","StreamDeck Mini Controller",Electronics,4,68.23,272.92,2026-02-04 06:06:00
849,CUST-0034,"Liam Walker","Superstrike 2 USB-C Dongle",Electronics,1,19.46,19.46,2026-01-25 10:18:00
850,CUST-0006,"Sophia Wright","ThermoMug Smart Warmer",Home & Office,2,28.6,57.2,2026-01-16 22:04:00
851,CUST-0156,"Alex King","PowerBank 20000mAh",Accessories,1,48.5,48.5,2026-02-06 14:43:00
852,CUST-0019,"Emma Smith","ThermoMug Smart Warmer",Home & Office,2,38.9,77.8,2025-12-01 08:59:00
853,CUST-0152,"Alex Lee","LumiBar LED Desk Lamp",Home & Office,3,43.35,130.05,2025-12-10 20:29:00
854,CUST-0191,"James Miller","CableBox Organizer",Home & Office,2,13.77,27.54,2025-12-31 01:42:00
855,CUST-0134,"Sebastian Hall","Superstrike 2 Mousepad XL",Electronics,2,33.59,67.18,2026-02-09 02:07:00
856,CUST-0188,"Olivia Young","Superstrike 2 Mousepad XL",Electronics,2,26.91,53.82,2025-12-06 17:38:00
857,CUST-0063,"Grace Williams","MechForce TKL Keyboard",Electronics,1,109.63,109.63,2026-02-14 09:16:00
858,CUST-0179,"Mason Walker","AirPure Mini Humidifier",Home & Office,2,32.94,65.88,2026-02-16 02:00:00
859,CUST-0013,"Mason Smith","FlexFit Joggers",Apparel,4,45.48,181.92,2025-12-09 17:35:00
860,CUST-0133,"Elijah Garcia","SteelWeave USB-C Cable 6ft",Accessories,3,13.28,39.84,2025-11-22 06:39:00
861,CUST-0033,"Logan Wright","CableBox Organizer",Home & Office,1,19.08,19.08,2025-12-19 01:54:00
862,CUST-0150,"Isabella Anderson","SteelWeave USB-C Cable 6ft",Accessories,4,11.4,45.6,2025-12-29 09:07:00
863,CUST-0121,"Oliver Davis","LumiBar LED Desk Lamp",Home & Office,3,33.54,100.62,2026-01-28 01:39:00
864,CUST-0029,"Sebastian Moore","ClearView 27in Monitor",Electronics,3,251.69,755.07,2026-01-07 23:02:00
865,CUST-0167,"Ava King","QuickCharge 65W USB-C Adapter",Electronics,2,39.71,79.42,2025-12-30 01:23:00
866,CUST-0025,"Mason Jones","Superstrike 2 USB-C Dongle",Electronics,1,18.02,18.02,2026-01-27 04:00:00
867,CUST-0167,"Ava King","Superstrike 2 Wireless Mouse",Electronics,1,70.2,70.2,2025-12-28 12:45:00
868,CUST-0079,"Sophia Davis","FlexFit Joggers",Apparel,1,55.33,55.33,2025-12-25 17:19:00
869,CUST-0017,"Aiden Allen","QuickCharge 65W USB-C Adapter",Electronics,4,32.15,128.6,2026-02-06 06:54:00
870,CUST-0157,"Mia Wright","FlexMount Monitor Arm",Electronics,4,53.24,212.96,2025-12-16 12:46:00
871,CUST-0084,"Isabella Smith","ClearView 27in Monitor",Electronics,1,273.8,273.8,2026-01-22 23:13:00
872,CUST-0133,"Elijah Garcia","SoundPulse ANC Headphones",Electronics,2,157.94,315.88,2026-02-15 10:24:00
873,CUST-0153,"Elijah Adams","SoundPulse ANC Headphones",Electronics,1,158.11,158.11,2025-12-05 11:02:00
874,CUST-0088,"Jack Taylor","Superstrike 2 Wireless Mouse",Electronics,1,70.69,70.69,2025-12-15 13:42:00
875,CUST-0171,"Alex Moore","StreamDeck Mini Controller",Electronics,3,50.21,150.63,2026-02-10 18:08:00
876,CUST-0032,"Lucas Anderson","CloudStep Running Shoes",Apparel,2,105.09,210.18,2026-02-14 20:39:00
877,CUST-0055,"Noah Lewis","DryFit Performance Tee",Apparel,3,29.64,88.92,2025-12-21 03:18:00
878,CUST-0026,"Liam Lewis","SteelWeave USB-C Cable 6ft",Accessories,4,11.17,44.68,2026-02-05 21:36:00
879,CUST-0127,"Noah Green","FlexFit Joggers",Apparel,2,45.66,91.32,2025-12-08 14:40:00
880,CUST-0006,"Sophia Wright","GlideWrist Ergonomic Wrist Rest",Accessories,4,19.49,77.96,2026-02-16 01:37:00
881,CUST-0199,"Noah Garcia","PowerBank 20000mAh",Accessories,3,44.32,132.96,2026-02-09 12:16:00
882,CUST-0155,"Isabella Clark","ErgoRise Standing Desk Mat",Home & Office,3,40.41,121.23,2026-02-03 18:44:00
883,CUST-0072,"Elijah Jones","AllWeather Zip Hoodie",Apparel,2,56.5,113,2026-02-12 18:39:00
884,CUST-0135,"Evelyn Young","Superstrike 2 Wireless Mouse",Electronics,1,65.93,65.93,2026-01-14 12:40:00
885,CUST-0163,"Mason Green","SteelWeave USB-C Cable 6ft",Accessories,1,15.23,15.23,2025-12-06 16:18:00
886,CUST-0083,"Isabella Kim","SteelWeave USB-C Cable 6ft",Accessories,2,14.83,29.66,2026-02-05 08:51:00
887,CUST-0154,"Lily Hall","TitanGrip Phone Case",Accessories,4,27.44,109.76,2026-02-04 05:04:00
888,CUST-0187,"Aiden Harris","Superstrike 2 USB-C Dongle",Electronics,2,19.49,38.98,2025-12-16 00:56:00
889,CUST-0020,"Elijah Harris","GlideWrist Ergonomic Wrist Rest",Accessories,2,18.07,36.14,2026-01-31 11:12:00
890,CUST-0158,"Isabella Wright","ErgoRise Standing Desk Mat",Home & Office,2,51.53,103.06,2026-01-07 18:38:00
891,CUST-0100,"Daniel Adams","ErgoRise Standing Desk Mat",Home & Office,1,55.6,55.6,2025-12-17 06:26:00
892,CUST-0075,"Mia Miller","LumiBar LED Desk Lamp",Home & Office,2,42,84,2026-01-11 10:16:00
893,CUST-0058,"Isabella Young","ThermoMug Smart Warmer",Home & Office,1,37.01,37.01,2026-01-30 02:23:00
894,CUST-0010,"James Anderson","Superstrike 2 USB-C Dongle",Electronics,1,18.28,18.28,2026-01-15 02:48:00
895,CUST-0170,"Aiden Wright","FlexFit Joggers",Apparel,1,55.93,55.93,2026-02-13 07:57:00
896,CUST-0003,"Ava Thomas","TitanGrip Phone Case",Accessories,1,21.38,21.38,2026-01-12 03:17:00
897,CUST-0185,"Mason Brown","NanoHub 7-Port USB Hub",Electronics,1,22,22,2026-01-13 08:12:00
898,CUST-0129,"Oliver Thomas","PixelClean Screen Wipes 50ct",Accessories,1,7.83,7.83,2026-01-27 12:32:00
899,CUST-0011,"Ella Smith","FlexFit Joggers",Apparel,3,49.21,147.63,2026-02-13 19:36:00
900,CUST-0122,"Isabella Patel","PixelClean Screen Wipes 50ct",Accessories,1,7.47,7.47,2026-01-14 23:44:00
901,CUST-0132,"Ethan Walker","MechForce TKL Keyboard",Electronics,1,115.51,115.51,2025-12-12 03:19:00
902,CUST-0100,"Daniel Adams","ErgoRise Standing Desk Mat",Home & Office,3,55.61,166.83,2026-02-16 07:43:00
903,CUST-0027,"Alex Robinson","SoundPulse ANC Headphones",Electronics,3,174.66,523.98,2026-01-10 22:58:00
904,CUST-0054,"Ethan Moore","FlexFit Joggers",Apparel,1,63.9,63.9,2026-02-07 21:10:00
905,CUST-0103,"Harper Miller","ThermoMug Smart Warmer",Home & Office,3,27.58,82.74,2026-01-10 21:49:00
906,CUST-0096,"Ella King","FlexMount Monitor Arm",Electronics,2,49.2,98.4,2025-11-24 20:41:00
907,CUST-0064,"Logan Anderson","QuickCharge 65W USB-C Adapter",Electronics,3,38.21,114.63,2026-02-16 01:27:00
908,CUST-0095,"Lily Anderson","AllWeather Zip Hoodie",Apparel,2,74.72,149.44,2025-11-29 20:01:00
909,CUST-0033,"Logan Wright","FlexMount Monitor Arm",Electronics,1,39.34,39.34,2025-12-28 00:58:00
910,CUST-0046,"Oliver Lee","PixelClean Screen Wipes 50ct",Accessories,4,11.52,46.08,2026-02-10 23:54:00
911,CUST-0167,"Ava King","MechForce TKL Keyboard",Electronics,1,126.86,126.86,2026-01-14 09:32:00
912,CUST-0022,"Ethan Davis","DryFit Performance Tee",Apparel,3,32.97,98.91,2025-12-10 11:57:00
913,CUST-0015,"Amelia Chen","GlideWrist Ergonomic Wrist Rest",Accessories,3,16.7,50.1,2026-01-31 18:09:00
914,CUST-0051,"Jack Kim","AirPure Mini Humidifier",Home & Office,2,20.84,41.68,2026-01-01 09:16:00
915,CUST-0182,"Henry Miller","LumiBar LED Desk Lamp",Home & Office,2,32.04,64.08,2025-12-02 10:30:00
916,CUST-0192,"Sophia Williams","DryFit Performance Tee",Apparel,1,32.1,32.1,2026-01-04 08:28:00
917,CUST-0149,"Harper Allen","NanoHub 7-Port USB Hub",Electronics,2,21.41,42.82,2025-11-30 03:29:00
918,CUST-0108,"Noah Miller","SteelWeave USB-C Cable 6ft",Accessories,4,10.63,42.52,2026-01-09 05:06:00
919,CUST-0187,"Aiden Harris","NanoHub 7-Port USB Hub",Electronics,2,25.29,50.58,2026-02-16 06:34:00
920,CUST-0009,"Alex Clark","StreamDeck Mini Controller",Electronics,1,66.81,66.81,2025-12-20 12:20:00
921,CUST-0021,"Sophia Lewis","PowerBank 20000mAh",Accessories,2,41,82,2026-02-04 16:00:00
922,CUST-0131,"Emma Wilson","LumiBar LED Desk Lamp",Home & Office,2,30.12,60.24,2026-02-15 04:26:00
923,CUST-0035,"Sebastian Jones","MechForce TKL Keyboard",Electronics,3,104.32,312.96,2026-02-15 10:21:00
924,CUST-0041,"Lucas Harris","Superstrike 2 USB-C Dongle",Electronics,2,17.39,34.78,2025-12-23 22:15:00
925,CUST-0094,"Mia Lee","QuickCharge 65W USB-C Adapter",Electronics,2,30.46,60.92,2025-12-31 13:19:00
926,CUST-0056,"Lucas Williams","Superstrike 2 Mousepad XL",Electronics,4,32.64,130.56,2025-11-29 08:59:00
927,CUST-0082,"Ava Robinson","QuickCharge 65W USB-C Adapter",Electronics,2,37.88,75.76,2026-02-15 18:01:00
928,CUST-0175,"Liam Kim","ErgoRise Standing Desk Mat",Home & Office,3,59.18,177.54,2025-12-22 09:01:00
929,CUST-0013,"Mason Smith","LumiBar LED Desk Lamp",Home & Office,1,41.32,41.32,2026-01-23 23:04:00
930,CUST-0016,"Ava King","AirPure Mini Humidifier",Home & Office,1,26.09,26.09,2026-02-16 01:33:00
931,CUST-0140,"Alex Robinson","DryFit Performance Tee",Apparel,4,27.79,111.16,2026-02-01 14:13:00
932,CUST-0039,"Elijah Scott","SteelWeave USB-C Cable 6ft",Accessories,2,10.03,20.06,2026-02-05 14:35:00
933,CUST-0002,"Ella Robinson","SteelWeave USB-C Cable 6ft",Accessories,1,14.34,14.34,2026-02-13 08:12:00
934,CUST-0154,"Lily Hall","CloudStep Running Shoes",Apparel,4,108.54,434.16,2026-02-14 01:11:00
935,CUST-0047,"Mason Kim","CloudStep Running Shoes",Apparel,2,108.67,217.34,2026-02-14 05:12:00
936,CUST-0093,"Jack Williams","SteelWeave USB-C Cable 6ft",Accessories,3,11.59,34.77,2026-01-25 02:36:00
937,CUST-0096,"Ella King","CloudStep Running Shoes",Apparel,2,114.06,228.12,2026-01-21 20:29:00
938,CUST-0149,"Harper Allen","LumiBar LED Desk Lamp",Home & Office,1,45.22,45.22,2026-02-08 19:40:00
939,CUST-0042,"Isabella Walker","SoundPulse ANC Headphones",Electronics,3,177.15,531.45,2026-01-25 21:00:00
940,CUST-0069,"Ethan Adams","GlideWrist Ergonomic Wrist Rest",Accessories,2,18.01,36.02,2026-01-24 19:19:00
941,CUST-0044,"Ella Robinson","Superstrike 2 USB-C Dongle",Electronics,3,16.16,48.48,2026-01-26 20:03:00
942,CUST-0142,"James Wilson","ClearView 27in Monitor",Electronics,3,315.07,945.21,2025-12-21 16:47:00
943,CUST-0158,"Isabella Wright","ErgoRise Standing Desk Mat",Home & Office,1,49.68,49.68,2025-12-12 08:26:00
944,CUST-0117,"Chloe Young","QuickCharge 65W USB-C Adapter",Electronics,1,40.67,40.67,2026-02-07 11:01:00
945,CUST-0134,"Sebastian Hall","PixelClean Screen Wipes 50ct",Accessories,2,11.96,23.92,2025-11-26 15:11:00
946,CUST-0089,"Noah Wright","AllWeather Zip Hoodie",Apparel,1,63.31,63.31,2025-11-22 03:34:00
947,CUST-0002,"Ella Robinson","AirPure Mini Humidifier",Home & Office,2,25.99,51.98,2025-12-07 13:43:00
948,CUST-0018,"Isabella Taylor","CloudStep Running Shoes",Apparel,4,115.86,463.44,2026-01-08 05:35:00
949,CUST-0189,"Alex Scott","TitanGrip Phone Case",Accessories,1,25.82,25.82,2026-02-02 13:02:00
950,CUST-0030,"Sebastian Patel","MechForce TKL Keyboard",Electronics,3,99.59,298.77,2025-12-21 05:05:00
951,CUST-0042,"Isabella Walker","StreamDeck Mini Controller",Electronics,4,67.4,269.6,2025-12-14 23:41:00
952,CUST-0096,"Ella King","SteelWeave USB-C Cable 6ft",Accessories,4,12.67,50.68,2026-02-03 17:18:00
953,CUST-0155,"Isabella Clark","SnapLens Webcam Cover 3-Pack",Accessories,4,6.59,26.36,2026-02-10 14:35:00
954,CUST-0072,"Elijah Jones","TitanGrip Phone Case",Accessories,1,29.53,29.53,2025-12-07 00:01:00
955,CUST-0145,"Ethan Green","StreamDeck Mini Controller",Electronics,4,55.68,222.72,2026-02-16 11:14:00
956,CUST-0180,"Mason King","GlideWrist Ergonomic Wrist Rest",Accessories,1,20.98,20.98,2025-11-23 18:52:00
957,CUST-0035,"Sebastian Jones","AirPure Mini Humidifier",Home & Office,3,23.72,71.16,2026-01-01 15:53:00
958,CUST-0131,"Emma Wilson","CableBox Organizer",Home & Office,1,20.89,20.89,2026-01-22 05:04:00
959,CUST-0101,"Jack Clark","PowerBank 20000mAh",Accessories,1,35.96,35.96,2026-02-13 12:42:00
960,CUST-0194,"Ella Miller","SteelWeave USB-C Cable 6ft",Accessories,2,11.04,22.08,2025-12-07 20:43:00
961,CUST-0192,"Sophia Williams","ThermoMug Smart Warmer",Home & Office,2,32.64,65.28,2026-01-14 07:08:00
962,CUST-0077,"Aiden Clark","AllWeather Zip Hoodie",Apparel,1,77.71,77.71,2025-12-11 01:28:00
963,CUST-0034,"Liam Walker","SoundPulse ANC Headphones",Electronics,1,134.8,134.8,2026-01-29 09:28:00
964,CUST-0031,"Olivia Chen","QuickCharge 65W USB-C Adapter",Electronics,2,42.15,84.3,2026-02-01 08:37:00
965,CUST-0194,"Ella Miller","Superstrike 2 USB-C Dongle",Electronics,1,16.92,16.92,2026-02-12 08:32:00
966,CUST-0013,"Mason Smith","ThermoMug Smart Warmer",Home & Office,1,32.51,32.51,2026-02-10 19:20:00
967,CUST-0110,"Evelyn Walker","AllWeather Zip Hoodie",Apparel,1,66.35,66.35,2026-02-08 02:00:00
968,CUST-0144,"Jack Lee","ClearView 27in Monitor",Electronics,2,266.72,533.44,2026-01-31 10:38:00
969,CUST-0042,"Isabella Walker","Superstrike 2 USB-C Dongle",Electronics,3,15.81,47.43,2026-01-06 21:59:00
970,CUST-0121,"Oliver Davis","PowerBank 20000mAh",Accessories,1,39.47,39.47,2026-01-21 15:22:00
971,CUST-0030,"Sebastian Patel","AllWeather Zip Hoodie",Apparel,1,58.97,58.97,2026-02-15 17:39:00
972,CUST-0094,"Mia Lee","SnapLens Webcam Cover 3-Pack",Accessories,1,7.52,7.52,2026-01-19 19:52:00
973,CUST-0148,"Sebastian Robinson","SnapLens Webcam Cover 3-Pack",Accessories,2,6.21,12.42,2026-01-22 13:29:00
974,CUST-0151,"Daniel Lee","SteelWeave USB-C Cable 6ft",Accessories,1,13.97,13.97,2026-02-09 19:56:00
975,CUST-0165,"Logan Young","Superstrike 2 Mousepad XL",Electronics,2,26.38,52.76,2026-02-04 19:54:00
976,CUST-0130,"Liam Allen","AllWeather Zip Hoodie",Apparel,1,79.69,79.69,2026-01-05 09:40:00
977,CUST-0069,"Ethan Adams","FlexFit Joggers",Apparel,4,62.13,248.52,2026-01-31 13:37:00
978,CUST-0095,"Lily Anderson","QuickCharge 65W USB-C Adapter",Electronics,3,43.29,129.87,2026-01-30 17:57:00
979,CUST-0150,"Isabella Anderson","SnapLens Webcam Cover 3-Pack",Accessories,2,5.38,10.76,2026-02-05 19:19:00
980,CUST-0027,"Alex Robinson","PixelClean Screen Wipes 50ct",Accessories,1,11.74,11.74,2026-02-01 02:14:00
981,CUST-0090,"Amelia King","CableBox Organizer",Home & Office,3,13.05,39.15,2025-12-20 06:46:00
982,CUST-0054,"Ethan Moore","Superstrike 2 USB-C Dongle",Electronics,2,19.04,38.08,2026-01-16 19:58:00
983,CUST-0127,"Noah Green","ThermoMug Smart Warmer",Home & Office,3,30.38,91.14,2025-12-28 20:40:00
984,CUST-0159,"Oliver Miller","StreamDeck Mini Controller",Electronics,2,69.29,138.58,2026-02-12 10:41:00
985,CUST-0123,"Amelia Jones","SnapLens Webcam Cover 3-Pack",Accessories,4,8.36,33.44,2025-11-24 06:03:00
986,CUST-0060,"Ella Wilson","CableBox Organizer",Home & Office,2,13.92,27.84,2026-02-01 15:08:00
987,CUST-0138,"Liam Garcia","AirPure Mini Humidifier",Home & Office,1,29.1,29.1,2026-02-16 10:19:00
988,CUST-0093,"Jack Williams","Superstrike 2 Wireless Mouse",Electronics,3,67.63,202.89,2026-01-21 21:10:00
989,CUST-0032,"Lucas Anderson","Superstrike 2 Mousepad XL",Electronics,3,28.29,84.87,2025-12-25 20:41:00
990,CUST-0088,"Jack Taylor","SnapLens Webcam Cover 3-Pack",Accessories,1,6.81,6.81,2025-12-10 08:08:00
991,CUST-0167,"Ava King","FlexMount Monitor Arm",Electronics,1,38.44,38.44,2026-02-15 16:02:00
992,CUST-0065,"Ava Smith","ClearView 27in Monitor",Electronics,3,281.3,843.9,2026-01-01 17:41:00
993,CUST-0126,"Noah Chen","FlexMount Monitor Arm",Electronics,1,44.77,44.77,2025-12-30 00:36:00
994,CUST-0106,"Sebastian Clark","SoundPulse ANC Headphones",Electronics,4,150.33,601.32,2025-12-30 06:57:00
995,CUST-0190,"Olivia Smith","Superstrike 2 USB-C Dongle",Electronics,3,18.28,54.84,2025-12-17 12:24:00
996,CUST-0147,"Amelia King","LumiBar LED Desk Lamp",Home & Office,1,39.45,39.45,2025-12-17 12:32:00
997,CUST-0064,"Logan Anderson","PixelClean Screen Wipes 50ct",Accessories,3,10.34,31.02,2025-12-13 19:24:00
998,CUST-0036,"Luna Johnson","NanoHub 7-Port USB Hub",Electronics,2,21.92,43.84,2026-02-13 22:26:00
999,CUST-0018,"Isabella Taylor","FlexFit Joggers",Apparel,2,55.69,111.38,2026-02-12 22:57:00
1000,CUST-0051,"Jack Kim","LumiBar LED Desk Lamp",Home & Office,2,32.65,65.3,2026-02-15 10:16:00
1001,CUST-0161,"Logan Wright","ClearView 27in Monitor",Electronics,2,278.46,556.92,2026-01-20 08:57:00
1002,CUST-0077,"Aiden Clark","NanoHub 7-Port USB Hub",Electronics,1,27.49,27.49,2026-01-17 06:43:00
1003,CUST-0190,"Olivia Smith","QuickCharge 65W USB-C Adapter",Electronics,3,40.64,121.92,2026-01-20 16:32:00
1004,CUST-0183,"Liam Clark","ClearView 27in Monitor",Electronics,1,298.09,298.09,2025-11-20 12:32:00
1005,CUST-0003,"Ava Thomas","MechForce TKL Keyboard",Electronics,1,94.3,94.3,2026-01-05 16:32:00
1006,CUST-0139,"Emma Brown","Superstrike 2 Mousepad XL",Electronics,1,26.16,26.16,2026-02-02 23:41:00
1007,CUST-0170,"Aiden Wright","PowerBank 20000mAh",Accessories,3,41.93,125.79,2026-01-04 14:07:00
1008,CUST-0129,"Oliver Thomas","TitanGrip Phone Case",Accessories,3,23.14,69.42,2025-11-30 04:26:00
1009,CUST-0026,"Liam Lewis","DryFit Performance Tee",Apparel,2,31.81,63.62,2025-12-09 12:28:00
1010,CUST-0097,"Daniel Smith","Superstrike 2 Mousepad XL",Electronics,1,28.14,28.14,2026-02-12 07:26:00
1011,CUST-0189,"Alex Scott","DryFit Performance Tee",Apparel,2,30.58,61.16,2026-01-23 08:21:00
1012,CUST-0054,"Ethan Moore","StreamDeck Mini Controller",Electronics,4,67.3,269.2,2026-02-14 12:26:00
1013,CUST-0096,"Ella King","PixelClean Screen Wipes 50ct",Accessories,4,8.68,34.72,2026-02-04 19:57:00
1014,CUST-0018,"Isabella Taylor","PixelClean Screen Wipes 50ct",Accessories,3,11.86,35.58,2026-02-04 10:05:00
1015,CUST-0030,"Sebastian Patel","TitanGrip Phone Case",Accessories,4,27.33,109.32,2026-02-15 09:04:00
1016,CUST-0051,"Jack Kim","SnapLens Webcam Cover 3-Pack",Accessories,2,5.72,11.44,2025-12-02 08:11:00
1017,CUST-0131,"Emma Wilson","AllWeather Zip Hoodie",Apparel,1,56.53,56.53,2025-12-09 02:47:00
1018,CUST-0048,"Alex Davis","SteelWeave USB-C Cable 6ft",Accessories,3,16.78,50.34,2026-01-09 06:01:00
1019,CUST-0127,"Noah Green","MechForce TKL Keyboard",Electronics,1,98.02,98.02,2026-02-09 01:40:00
1020,CUST-0040,"Charlotte Harris","FlexFit Joggers",Apparel,1,54.68,54.68,2026-01-07 19:47:00
1021,CUST-0122,"Isabella Patel","ErgoRise Standing Desk Mat",Home & Office,2,51.34,102.68,2026-01-29 06:47:00
1022,CUST-0019,"Emma Smith","Superstrike 2 Mousepad XL",Electronics,1,32.93,32.93,2026-02-15 18:58:00
1023,CUST-0127,"Noah Green","TitanGrip Phone Case",Accessories,1,24.57,24.57,2026-02-16 00:51:00
1024,CUST-0168,"Grace Lee","SnapLens Webcam Cover 3-Pack",Accessories,2,8.97,17.94,2025-12-03 04:51:00
1025,CUST-0095,"Lily Anderson","NanoHub 7-Port USB Hub",Electronics,3,22.99,68.97,2026-02-13 04:38:00
1026,CUST-0153,"Elijah Adams","FlexMount Monitor Arm",Electronics,2,50.03,100.06,2026-01-09 20:34:00
1027,CUST-0038,"Olivia Adams","SnapLens Webcam Cover 3-Pack",Accessories,2,8.13,16.26,2026-02-14 02:12:00
1028,CUST-0069,"Ethan Adams","QuickCharge 65W USB-C Adapter",Electronics,4,35.41,141.64,2025-12-05 17:18:00
1029,CUST-0155,"Isabella Clark","PowerBank 20000mAh",Accessories,1,41.93,41.93,2026-01-07 04:03:00
1030,CUST-0047,"Mason Kim","NanoHub 7-Port USB Hub",Electronics,1,29.17,29.17,2025-11-22 23:00:00
1031,CUST-0121,"Oliver Davis","StreamDeck Mini Controller",Electronics,1,64.29,64.29,2026-02-01 01:44:00
1032,CUST-0073,"Mia Taylor","TitanGrip Phone Case",Accessories,3,21.93,65.79,2026-02-08 17:59:00
1033,CUST-0068,"Lucas Chen","ClearView 27in Monitor",Electronics,3,264.08,792.24,2026-01-19 22:49:00
1034,CUST-0198,"Chloe Thomas","SteelWeave USB-C Cable 6ft",Accessories,1,13.27,13.27,2026-02-06 19:51:00
1035,CUST-0101,"Jack Clark","ClearView 27in Monitor",Electronics,2,258.04,516.08,2026-01-27 04:32:00
1036,CUST-0142,"James Wilson","DryFit Performance Tee",Apparel,2,29.88,59.76,2026-02-13 02:45:00
1037,CUST-0113,"Noah Jones","GlideWrist Ergonomic Wrist Rest",Accessories,3,23.61,70.83,2026-01-13 12:34:00
1038,CUST-0172,"Charlotte Clark","SoundPulse ANC Headphones",Electronics,2,156.32,312.64,2026-01-29 05:57:00
1039,CUST-0019,"Emma Smith","AirPure Mini Humidifier",Home & Office,4,23.08,92.32,2026-01-14 13:20:00
1040,CUST-0139,"Emma Brown","Superstrike 2 Mousepad XL",Electronics,4,30.74,122.96,2026-01-11 04:19:00
1041,CUST-0033,"Logan Wright","SoundPulse ANC Headphones",Electronics,1,143.95,143.95,2026-01-10 06:26:00
1042,CUST-0069,"Ethan Adams","TitanGrip Phone Case",Accessories,2,20.54,41.08,2025-11-20 10:29:00
1043,CUST-0196,"Daniel Young","ClearView 27in Monitor",Electronics,4,277.2,1108.8,2026-01-18 14:21:00
1044,CUST-0097,"Daniel Smith","SteelWeave USB-C Cable 6ft",Accessories,4,16.02,64.08,2026-01-28 20:54:00
1045,CUST-0070,"Harper Adams","ThermoMug Smart Warmer",Home & Office,1,38.56,38.56,2025-12-31 15:23:00
1046,CUST-0055,"Noah Lewis","PowerBank 20000mAh",Accessories,3,42.41,127.23,2025-12-31 22:45:00
1047,CUST-0012,"Harper Chen","GlideWrist Ergonomic Wrist Rest",Accessories,3,24.85,74.55,2026-01-11 08:59:00
1048,CUST-0016,"Ava King","QuickCharge 65W USB-C Adapter",Electronics,4,43.41,173.64,2026-01-28 10:06:00
1049,CUST-0007,"Daniel Davis","MechForce TKL Keyboard",Electronics,4,95.35,381.4,2026-01-25 03:57:00
1050,CUST-0100,"Daniel Adams","Superstrike 2 USB-C Dongle",Electronics,4,16.04,64.16,2026-02-14 17:18:00
1051,CUST-0135,"Evelyn Young","Superstrike 2 USB-C Dongle",Electronics,2,16.04,32.08,2026-02-12 01:55:00
1052,CUST-0151,"Daniel Lee","TitanGrip Phone Case",Accessories,3,23.05,69.15,2026-02-13 13:52:00
1053,CUST-0181,"Logan Scott","MechForce TKL Keyboard",Electronics,2,105.79,211.58,2026-02-13 18:18:00
1054,CUST-0043,"Mason Taylor","FlexMount Monitor Arm",Electronics,2,41.99,83.98,2026-01-10 01:25:00
1055,CUST-0005,"Ella Anderson","GlideWrist Ergonomic Wrist Rest",Accessories,1,21.88,21.88,2025-12-11 13:07:00
1056,CUST-0199,"Noah Garcia","TitanGrip Phone Case",Accessories,1,21.91,21.91,2026-01-11 00:46:00
1057,CUST-0154,"Lily Hall","DryFit Performance Tee",Apparel,3,31.23,93.69,2025-12-02 14:04:00
1058,CUST-0029,"Sebastian Moore","SoundPulse ANC Headphones",Electronics,2,136.61,273.22,2026-01-03 05:26:00
1059,CUST-0021,"Sophia Lewis","Superstrike 2 Mousepad XL",Electronics,2,34.1,68.2,2026-01-28 17:27:00
1060,CUST-0177,"Ella Robinson","LumiBar LED Desk Lamp",Home & Office,1,46.81,46.81,2026-01-08 08:45:00
1061,CUST-0136,"Elijah Allen","DryFit Performance Tee",Apparel,2,30.15,60.3,2026-02-11 05:34:00
1062,CUST-0174,"Emma Johnson","AllWeather Zip Hoodie",Apparel,1,67.97,67.97,2025-12-14 18:22:00
1063,CUST-0177,"Ella Robinson","ErgoRise Standing Desk Mat",Home & Office,1,42.76,42.76,2025-12-04 21:37:00
1064,CUST-0180,"Mason King","Superstrike 2 Wireless Mouse",Electronics,2,66.12,132.24,2026-02-07 13:35:00
1065,CUST-0018,"Isabella Taylor","SnapLens Webcam Cover 3-Pack",Accessories,1,5.69,5.69,2025-12-04 01:41:00
1066,CUST-0166,"Daniel Walker","Superstrike 2 USB-C Dongle",Electronics,3,19.72,59.16,2026-02-15 11:00:00
1067,CUST-0194,"Ella Miller","GlideWrist Ergonomic Wrist Rest",Accessories,3,19.28,57.84,2026-02-05 21:01:00
1068,CUST-0133,"Elijah Garcia","Superstrike 2 Mousepad XL",Electronics,1,31.4,31.4,2025-11-29 07:07:00
1069,CUST-0098,"Liam Johnson","PixelClean Screen Wipes 50ct",Accessories,1,9.71,9.71,2025-12-14 09:01:00
1070,CUST-0033,"Logan Wright","QuickCharge 65W USB-C Adapter",Electronics,4,36.11,144.44,2026-02-01 03:43:00
1071,CUST-0043,"Mason Taylor","QuickCharge 65W USB-C Adapter",Electronics,4,35.17,140.68,2025-12-15 01:01:00
1072,CUST-0027,"Alex Robinson","FlexFit Joggers",Apparel,3,55.23,165.69,2025-11-20 09:31:00
1073,CUST-0181,"Logan Scott","AirPure Mini Humidifier",Home & Office,4,33,132,2026-01-25 13:01:00
1074,CUST-0061,"James Hall","Superstrike 2 Mousepad XL",Electronics,2,32.4,64.8,2025-12-22 04:38:00
1075,CUST-0037,"Amelia Allen","SoundPulse ANC Headphones",Electronics,1,137.13,137.13,2026-01-12 21:26:00
1076,CUST-0160,"Amelia King","ThermoMug Smart Warmer",Home & Office,1,37.54,37.54,2025-11-25 11:57:00
1077,CUST-0001,"Logan Taylor","GlideWrist Ergonomic Wrist Rest",Accessories,1,17.99,17.99,2025-11-25 04:31:00
1078,CUST-0126,"Noah Chen","CableBox Organizer",Home & Office,3,21.39,64.17,2025-11-18 23:00:00
1079,CUST-0001,"Logan Taylor","MechForce TKL Keyboard",Electronics,2,99.04,198.08,2025-12-17 15:21:00
1080,CUST-0165,"Logan Young","ThermoMug Smart Warmer",Home & Office,3,27.44,82.32,2026-01-10 18:04:00
1081,CUST-0037,"Amelia Allen","StreamDeck Mini Controller",Electronics,3,57.06,171.18,2026-02-04 11:36:00
1082,CUST-0046,"Oliver Lee","FlexMount Monitor Arm",Electronics,4,45.18,180.72,2026-01-15 14:31:00
1083,CUST-0039,"Elijah Scott","FlexFit Joggers",Apparel,2,59.86,119.72,2026-02-15 11:31:00
1084,CUST-0026,"Liam Lewis","Superstrike 2 Mousepad XL",Electronics,3,28.18,84.54,2026-01-12 03:45:00
1085,CUST-0085,"Harper Williams","PixelClean Screen Wipes 50ct",Accessories,1,10.16,10.16,2025-12-10 10:13:00
1086,CUST-0124,"Amelia Lee","DryFit Performance Tee",Apparel,1,33.04,33.04,2025-11-23 08:24:00
1087,CUST-0140,"Alex Robinson","SoundPulse ANC Headphones",Electronics,3,179.45,538.35,2026-02-05 03:15:00
1088,CUST-0173,"Luna Thomas","ThermoMug Smart Warmer",Home & Office,1,30.3,30.3,2026-01-23 11:18:00
1089,CUST-0111,"Sebastian Wright","AllWeather Zip Hoodie",Apparel,3,66.96,200.88,2025-12-28 16:40:00
1090,CUST-0171,"Alex Moore","QuickCharge 65W USB-C Adapter",Electronics,3,43.24,129.72,2025-11-29 17:37:00
1091,CUST-0065,"Ava Smith","LumiBar LED Desk Lamp",Home & Office,1,37.12,37.12,2026-02-09 23:28:00
1092,CUST-0034,"Liam Walker","AirPure Mini Humidifier",Home & Office,2,21.99,43.98,2026-01-24 19:16:00
1093,CUST-0197,"Mia Williams","ClearView 27in Monitor",Electronics,3,332.27,996.81,2025-11-24 19:31:00
1094,CUST-0076,"Henry Davis","NanoHub 7-Port USB Hub",Electronics,2,24.78,49.56,2026-01-18 12:51:00
1095,CUST-0131,"Emma Wilson","ClearView 27in Monitor",Electronics,2,317.17,634.34,2026-01-26 12:50:00
1096,CUST-0155,"Isabella Clark","NanoHub 7-Port USB Hub",Electronics,2,26.85,53.7,2026-02-07 11:09:00
1097,CUST-0179,"Mason Walker","TitanGrip Phone Case",Accessories,1,23.25,23.25,2026-02-14 02:25:00
1098,CUST-0054,"Ethan Moore","AllWeather Zip Hoodie",Apparel,3,77.65,232.95,2025-11-27 20:17:00
1099,CUST-0027,"Alex Robinson","FlexMount Monitor Arm",Electronics,3,43.93,131.79,2026-01-31 16:16:00
1100,CUST-0143,"Lucas Jones","Superstrike 2 USB-C Dongle",Electronics,4,18.15,72.6,2026-01-04 15:58:00
1101,CUST-0065,"Ava Smith","LumiBar LED Desk Lamp",Home & Office,4,49.81,199.24,2026-01-22 02:12:00
1102,CUST-0182,"Henry Miller","PowerBank 20000mAh",Accessories,1,47.95,47.95,2025-12-28 19:42:00
1103,CUST-0183,"Liam Clark","ClearView 27in Monitor",Electronics,1,327.26,327.26,2026-02-11 08:53:00
1104,CUST-0004,"Mason Clark","StreamDeck Mini Controller",Electronics,2,59.13,118.26,2026-02-15 07:44:00
1105,CUST-0071,"Noah Johnson","ThermoMug Smart Warmer",Home & Office,3,30.61,91.83,2026-01-06 14:03:00
1106,CUST-0080,"Mason Davis","SteelWeave USB-C Cable 6ft",Accessories,1,16.65,16.65,2026-01-28 04:49:00
1107,CUST-0018,"Isabella Taylor","PowerBank 20000mAh",Accessories,2,44.89,89.78,2025-12-06 01:52:00
1108,CUST-0106,"Sebastian Clark","SoundPulse ANC Headphones",Electronics,2,150.15,300.3,2026-02-14 13:07:00
1109,CUST-0106,"Sebastian Clark","CloudStep Running Shoes",Apparel,2,97.11,194.22,2026-02-12 21:32:00
1110,CUST-0096,"Ella King","CableBox Organizer",Home & Office,1,16.04,16.04,2026-02-12 01:50:00
1111,CUST-0126,"Noah Chen","ClearView 27in Monitor",Electronics,2,292.98,585.96,2025-12-19 14:13:00
1112,CUST-0155,"Isabella Clark","Superstrike 2 USB-C Dongle",Electronics,1,18.59,18.59,2025-12-19 15:05:00
1113,CUST-0080,"Mason Davis","FlexFit Joggers",Apparel,4,56.14,224.56,2026-02-04 22:10:00
1114,CUST-0168,"Grace Lee","Superstrike 2 USB-C Dongle",Electronics,1,16.17,16.17,2025-11-29 18:59:00
1115,CUST-0137,"Amelia Johnson","Superstrike 2 Wireless Mouse",Electronics,2,65.49,130.98,2025-11-22 23:19:00
1116,CUST-0183,"Liam Clark","ThermoMug Smart Warmer",Home & Office,4,35.04,140.16,2026-01-06 08:52:00
1117,CUST-0175,"Liam Kim","NanoHub 7-Port USB Hub",Electronics,1,29.18,29.18,2026-02-09 15:17:00
1118,CUST-0170,"Aiden Wright","AirPure Mini Humidifier",Home & Office,3,24.73,74.19,2026-01-19 06:28:00
1119,CUST-0095,"Lily Anderson","FlexFit Joggers",Apparel,1,62.47,62.47,2025-12-01 00:33:00
1120,CUST-0134,"Sebastian Hall","GlideWrist Ergonomic Wrist Rest",Accessories,1,22.57,22.57,2026-01-21 09:06:00
1121,CUST-0013,"Mason Smith","ClearView 27in Monitor",Electronics,1,275.21,275.21,2026-01-25 21:00:00
1122,CUST-0085,"Harper Williams","NanoHub 7-Port USB Hub",Electronics,4,21.09,84.36,2025-11-26 08:47:00
1123,CUST-0124,"Amelia Lee","StreamDeck Mini Controller",Electronics,1,58.36,58.36,2026-02-09 21:34:00
1124,CUST-0055,"Noah Lewis","DryFit Performance Tee",Apparel,1,33.89,33.89,2026-01-29 12:20:00
1125,CUST-0063,"Grace Williams","AirPure Mini Humidifier",Home & Office,1,23.13,23.13,2026-01-09 03:37:00
1126,CUST-0049,"Chloe Scott","MechForce TKL Keyboard",Electronics,1,129.72,129.72,2026-02-16 10:11:00
1127,CUST-0180,"Mason King","NanoHub 7-Port USB Hub",Electronics,2,26.05,52.1,2025-12-17 07:20:00
1128,CUST-0031,"Olivia Chen","AllWeather Zip Hoodie",Apparel,1,69.6,69.6,2025-12-18 20:19:00
1129,CUST-0154,"Lily Hall","SteelWeave USB-C Cable 6ft",Accessories,2,12.79,25.58,2026-01-31 17:32:00
1130,CUST-0174,"Emma Johnson","CableBox Organizer",Home & Office,1,18.2,18.2,2026-02-08 05:17:00
1131,CUST-0153,"Elijah Adams","SoundPulse ANC Headphones",Electronics,1,159.27,159.27,2026-01-19 09:26:00
1132,CUST-0020,"Elijah Harris","PowerBank 20000mAh",Accessories,1,43.1,43.1,2026-02-10 08:19:00
1133,CUST-0188,"Olivia Young","TitanGrip Phone Case",Accessories,2,17.87,35.74,2025-11-26 20:23:00
1134,CUST-0160,"Amelia King","AllWeather Zip Hoodie",Apparel,1,61.61,61.61,2026-01-25 15:35:00
1135,CUST-0033,"Logan Wright","Superstrike 2 USB-C Dongle",Electronics,1,17.14,17.14,2026-02-09 08:28:00
1136,CUST-0071,"Noah Johnson","StreamDeck Mini Controller",Electronics,2,66.35,132.7,2025-12-23 06:55:00
1137,CUST-0100,"Daniel Adams","SnapLens Webcam Cover 3-Pack",Accessories,2,9.11,18.22,2026-02-15 18:52:00
1138,CUST-0184,"Sophia Anderson","PowerBank 20000mAh",Accessories,3,47.36,142.08,2026-02-13 11:47:00
1139,CUST-0032,"Lucas Anderson","ClearView 27in Monitor",Electronics,2,252.22,504.44,2025-12-07 21:40:00
1140,CUST-0008,"Ava Thomas","QuickCharge 65W USB-C Adapter",Electronics,1,32.52,32.52,2026-02-02 15:43:00
1141,CUST-0105,"Alex Miller","GlideWrist Ergonomic Wrist Rest",Accessories,1,16.94,16.94,2026-02-08 07:25:00
1142,CUST-0167,"Ava King","PowerBank 20000mAh",Accessories,2,37.26,74.52,2025-12-18 12:48:00
1143,CUST-0118,"Ava Lewis","MechForce TKL Keyboard",Electronics,1,99.56,99.56,2026-01-12 07:15:00
1144,CUST-0169,"Aiden Garcia","ClearView 27in Monitor",Electronics,2,257.85,515.7,2025-12-21 19:05:00
1145,CUST-0071,"Noah Johnson","PixelClean Screen Wipes 50ct",Accessories,1,9.78,9.78,2026-01-03 00:10:00
1146,CUST-0043,"Mason Taylor","ErgoRise Standing Desk Mat",Home & Office,4,50.88,203.52,2025-12-13 19:50:00
1147,CUST-0177,"Ella Robinson","SnapLens Webcam Cover 3-Pack",Accessories,1,7.16,7.16,2026-02-16 08:21:00
1148,CUST-0061,"James Hall","PixelClean Screen Wipes 50ct",Accessories,2,8.07,16.14,2025-12-02 01:01:00
1149,CUST-0143,"Lucas Jones","CloudStep Running Shoes",Apparel,3,96.97,290.91,2026-01-24 19:03:00
1150,CUST-0121,"Oliver Davis","ErgoRise Standing Desk Mat",Home & Office,3,52.62,157.86,2025-12-30 05:27:00
1151,CUST-0138,"Liam Garcia","ClearView 27in Monitor",Electronics,1,318.21,318.21,2025-11-25 12:14:00
1152,CUST-0106,"Sebastian Clark","QuickCharge 65W USB-C Adapter",Electronics,3,38.26,114.78,2026-02-15 08:56:00
1153,CUST-0010,"James Anderson","MechForce TKL Keyboard",Electronics,3,127.08,381.24,2026-02-11 16:21:00
1154,CUST-0193,"Lily Harris","Superstrike 2 USB-C Dongle",Electronics,3,18.26,54.78,2026-01-09 23:52:00
1155,CUST-0134,"Sebastian Hall","Superstrike 2 USB-C Dongle",Electronics,1,18.77,18.77,2026-02-06 11:38:00
1156,CUST-0137,"Amelia Johnson","SteelWeave USB-C Cable 6ft",Accessories,2,12.27,24.54,2026-02-08 15:41:00
1157,CUST-0146,"Sebastian Brown","TitanGrip Phone Case",Accessories,1,22.08,22.08,2025-11-21 11:21:00
1158,CUST-0076,"Henry Davis","NanoHub 7-Port USB Hub",Electronics,1,27.8,27.8,2025-11-24 06:18:00
1159,CUST-0080,"Mason Davis","PowerBank 20000mAh",Accessories,2,47.44,94.88,2025-12-17 09:06:00
1160,CUST-0174,"Emma Johnson","Superstrike 2 Mousepad XL",Electronics,3,26.42,79.26,2026-02-01 10:29:00
1161,CUST-0172,"Charlotte Clark","MechForce TKL Keyboard",Electronics,2,116.72,233.44,2026-02-09 14:13:00
1162,CUST-0009,"Alex Clark","FlexFit Joggers",Apparel,2,59.9,119.8,2026-02-03 20:38:00
1163,CUST-0047,"Mason Kim","MechForce TKL Keyboard",Electronics,3,115.73,347.19,2026-01-25 01:59:00
1164,CUST-0089,"Noah Wright","AirPure Mini Humidifier",Home & Office,1,29.02,29.02,2025-12-04 07:48:00
1165,CUST-0080,"Mason Davis","StreamDeck Mini Controller",Electronics,1,65.81,65.81,2026-02-15 09:50:00
1166,CUST-0188,"Olivia Young","FlexMount Monitor Arm",Electronics,2,44.62,89.24,2026-01-15 06:41:00
1167,CUST-0141,"Elijah Adams","ErgoRise Standing Desk Mat",Home & Office,2,49.89,99.78,2026-02-08 23:07:00
1168,CUST-0002,"Ella Robinson","CloudStep Running Shoes",Apparel,1,110.99,110.99,2026-01-10 13:22:00
1169,CUST-0016,"Ava King","FlexFit Joggers",Apparel,3,51.48,154.44,2025-12-30 21:15:00
1170,CUST-0116,"Harper Walker","DryFit Performance Tee",Apparel,1,26.08,26.08,2026-01-12 04:09:00
1171,CUST-0183,"Liam Clark","LumiBar LED Desk Lamp",Home & Office,2,33.12,66.24,2026-02-13 15:17:00
1172,CUST-0061,"James Hall","PixelClean Screen Wipes 50ct",Accessories,4,7.61,30.44,2026-01-16 20:57:00
1173,CUST-0198,"Chloe Thomas","Superstrike 2 Wireless Mouse",Electronics,4,79.47,317.88,2025-12-19 15:53:00
1174,CUST-0046,"Oliver Lee","FlexFit Joggers",Apparel,4,52.43,209.72,2025-12-26 09:06:00
1175,CUST-0073,"Mia Taylor","Superstrike 2 Mousepad XL",Electronics,1,31.41,31.41,2025-11-30 03:06:00
1176,CUST-0031,"Olivia Chen","PixelClean Screen Wipes 50ct",Accessories,2,10.69,21.38,2026-01-13 22:39:00
1177,CUST-0169,"Aiden Garcia","GlideWrist Ergonomic Wrist Rest",Accessories,1,23.66,23.66,2026-01-27 18:23:00
1178,CUST-0116,"Harper Walker","StreamDeck Mini Controller",Electronics,2,51.3,102.6,2026-02-14 22:20:00
1179,CUST-0143,"Lucas Jones","LumiBar LED Desk Lamp",Home & Office,4,38.45,153.8,2026-01-11 07:29:00
1180,CUST-0075,"Mia Miller","ErgoRise Standing Desk Mat",Home & Office,3,50.25,150.75,2025-12-15 10:11:00
1181,CUST-0006,"Sophia Wright","LumiBar LED Desk Lamp",Home & Office,1,36.7,36.7,2026-02-11 03:05:00
1182,CUST-0021,"Sophia Lewis","Superstrike 2 Wireless Mouse",Electronics,1,75.6,75.6,2026-01-28 05:00:00
1183,CUST-0096,"Ella King","PowerBank 20000mAh",Accessories,2,39.24,78.48,2026-01-26 22:19:00
1184,CUST-0013,"Mason Smith","AllWeather Zip Hoodie",Apparel,2,78.25,156.5,2026-02-09 10:42:00
1185,CUST-0150,"Isabella Anderson","Superstrike 2 USB-C Dongle",Electronics,1,17.33,17.33,2026-02-02 03:00:00
1186,CUST-0068,"Lucas Chen","CableBox Organizer",Home & Office,1,22.18,22.18,2026-01-18 01:39:00
1187,CUST-0042,"Isabella Walker","Superstrike 2 USB-C Dongle",Electronics,4,19.13,76.52,2026-01-17 02:23:00
1188,CUST-0127,"Noah Green","SteelWeave USB-C Cable 6ft",Accessories,2,15.45,30.9,2026-01-22 05:07:00
1189,CUST-0123,"Amelia Jones","DryFit Performance Tee",Apparel,3,28.64,85.92,2026-02-08 23:04:00
1190,CUST-0037,"Amelia Allen","Superstrike 2 Mousepad XL",Electronics,3,25.65,76.95,2026-02-14 16:01:00
1191,CUST-0176,"Mia Allen","ClearView 27in Monitor",Electronics,4,298.32,1193.28,2025-12-01 08:06:00
1192,CUST-0058,"Isabella Young","NanoHub 7-Port USB Hub",Electronics,4,26.33,105.32,2026-01-28 13:53:00
1193,CUST-0157,"Mia Wright","SnapLens Webcam Cover 3-Pack",Accessories,4,9.59,38.36,2026-02-14 21:50:00
1194,CUST-0140,"Alex Robinson","AirPure Mini Humidifier",Home & Office,3,31.72,95.16,2025-12-21 23:48:00
1195,CUST-0096,"Ella King","NanoHub 7-Port USB Hub",Electronics,4,24.32,97.28,2026-01-19 11:36:00
1196,CUST-0191,"James Miller","AllWeather Zip Hoodie",Apparel,4,73.47,293.88,2026-01-16 07:26:00
1197,CUST-0034,"Liam Walker","TitanGrip Phone Case",Accessories,1,22.45,22.45,2025-12-09 07:01:00
1198,CUST-0081,"Alex Williams","PowerBank 20000mAh",Accessories,1,37.93,37.93,2025-12-21 02:44:00
1199,CUST-0191,"James Miller","QuickCharge 65W USB-C Adapter",Electronics,1,40.2,40.2,2026-01-15 06:31:00
1200,CUST-0068,"Lucas Chen","ErgoRise Standing Desk Mat",Home & Office,2,46.96,93.92,2026-02-12 03:21:00
1201,CUST-0028,"Grace Garcia","TitanGrip Phone Case",Accessories,3,18.75,56.25,2026-01-09 22:22:00
1202,CUST-0156,"Alex King","SnapLens Webcam Cover 3-Pack",Accessories,1,6.84,6.84,2026-02-14 20:34:00
1203,CUST-0095,"Lily Anderson","PixelClean Screen Wipes 50ct",Accessories,1,9.54,9.54,2026-01-30 20:56:00
1204,CUST-0178,"Liam Chen","AirPure Mini Humidifier",Home & Office,1,34.38,34.38,2026-01-11 11:54:00
1205,CUST-0068,"Lucas Chen","ClearView 27in Monitor",Electronics,2,340.37,680.74,2025-11-25 06:42:00
1206,CUST-0168,"Grace Lee","SteelWeave USB-C Cable 6ft",Accessories,4,16.05,64.2,2026-01-04 21:05:00
1207,CUST-0048,"Alex Davis","SteelWeave USB-C Cable 6ft",Accessories,2,14.62,29.24,2025-12-26 21:30:00
1208,CUST-0043,"Mason Taylor","TitanGrip Phone Case",Accessories,3,17.17,51.51,2025-12-25 04:39:00
1209,CUST-0136,"Elijah Allen","DryFit Performance Tee",Apparel,3,33.3,99.9,2026-02-16 00:59:00
1210,CUST-0173,"Luna Thomas","LumiBar LED Desk Lamp",Home & Office,1,42.36,42.36,2026-01-27 00:33:00
1211,CUST-0116,"Harper Walker","CloudStep Running Shoes",Apparel,3,113.91,341.73,2025-12-31 00:28:00
1212,CUST-0046,"Oliver Lee","PowerBank 20000mAh",Accessories,1,42.96,42.96,2026-01-14 19:42:00
1213,CUST-0067,"Mason Jones","SoundPulse ANC Headphones",Electronics,4,159.09,636.36,2026-01-05 03:43:00
1214,CUST-0004,"Mason Clark","Superstrike 2 Wireless Mouse",Electronics,1,66.14,66.14,2025-12-17 08:05:00
1215,CUST-0129,"Oliver Thomas","CableBox Organizer",Home & Office,1,22.93,22.93,2025-12-14 08:06:00
1216,CUST-0129,"Oliver Thomas","PixelClean Screen Wipes 50ct",Accessories,2,10.93,21.86,2026-02-09 12:26:00
1217,CUST-0080,"Mason Davis","NanoHub 7-Port USB Hub",Electronics,3,23.35,70.05,2026-01-20 22:28:00
1218,CUST-0041,"Lucas Harris","Superstrike 2 USB-C Dongle",Electronics,4,15.97,63.88,2026-01-16 13:17:00
1219,CUST-0186,"Luna Thomas","SteelWeave USB-C Cable 6ft",Accessories,2,10.55,21.1,2026-02-11 20:40:00
1220,CUST-0034,"Liam Walker","MechForce TKL Keyboard",Electronics,2,124.32,248.64,2026-02-13 05:01:00
1221,CUST-0059,"Mia Kim","SnapLens Webcam Cover 3-Pack",Accessories,2,8.43,16.86,2025-12-09 23:04:00
1222,CUST-0073,"Mia Taylor","Superstrike 2 Wireless Mouse",Electronics,3,67.88,203.64,2026-02-14 12:45:00
1223,CUST-0101,"Jack Clark","SoundPulse ANC Headphones",Electronics,1,160.86,160.86,2026-01-17 07:53:00
1224,CUST-0194,"Ella Miller","MechForce TKL Keyboard",Electronics,1,123.07,123.07,2026-01-27 22:15:00
1225,CUST-0178,"Liam Chen","SnapLens Webcam Cover 3-Pack",Accessories,4,6.7,26.8,2025-12-24 06:09:00
1226,CUST-0141,"Elijah Adams","ErgoRise Standing Desk Mat",Home & Office,3,47.44,142.32,2026-02-04 12:24:00
1227,CUST-0002,"Ella Robinson","LumiBar LED Desk Lamp",Home & Office,3,38.25,114.75,2026-02-01 01:55:00
1228,CUST-0127,"Noah Green","ThermoMug Smart Warmer",Home & Office,3,31.7,95.1,2025-12-12 15:51:00
1229,CUST-0196,"Daniel Young","Superstrike 2 Mousepad XL",Electronics,1,26.93,26.93,2026-01-03 01:24:00
1230,CUST-0042,"Isabella Walker","NanoHub 7-Port USB Hub",Electronics,3,21.02,63.06,2026-01-24 23:19:00
1231,CUST-0182,"Henry Miller","StreamDeck Mini Controller",Electronics,1,51.76,51.76,2025-12-03 13:25:00
1232,CUST-0026,"Liam Lewis","SnapLens Webcam Cover 3-Pack",Accessories,1,9.79,9.79,2026-02-13 05:22:00
1233,CUST-0196,"Daniel Young","AllWeather Zip Hoodie",Apparel,1,69.92,69.92,2026-02-14 19:05:00
1234,CUST-0104,"Charlotte Wright","PixelClean Screen Wipes 50ct",Accessories,1,8.27,8.27,2025-12-22 16:48:00
1235,CUST-0123,"Amelia Jones","FlexFit Joggers",Apparel,1,64.84,64.84,2025-11-22 16:12:00
1236,CUST-0108,"Noah Miller","LumiBar LED Desk Lamp",Home & Office,3,40.84,122.52,2025-12-31 01:13:00
1237,CUST-0014,"Ava Young","PowerBank 20000mAh",Accessories,3,49.71,149.13,2026-01-15 14:53:00
1238,CUST-0196,"Daniel Young","FlexMount Monitor Arm",Electronics,2,40.45,80.9,2026-01-29 20:26:00
1239,CUST-0127,"Noah Green","TitanGrip Phone Case",Accessories,2,15.76,31.52,2025-12-10 03:32:00
1240,CUST-0189,"Alex Scott","QuickCharge 65W USB-C Adapter",Electronics,1,37.73,37.73,2026-01-31 08:41:00
1241,CUST-0012,"Harper Chen","CableBox Organizer",Home & Office,2,16.14,32.28,2026-01-29 10:52:00
1242,CUST-0118,"Ava Lewis","CloudStep Running Shoes",Apparel,3,99.83,299.49,2026-01-17 15:46:00
1243,CUST-0131,"Emma Wilson","Superstrike 2 USB-C Dongle",Electronics,1,16.68,16.68,2025-12-01 18:12:00
1244,CUST-0095,"Lily Anderson","SnapLens Webcam Cover 3-Pack",Accessories,3,8.22,24.66,2026-02-01 11:52:00
1245,CUST-0153,"Elijah Adams","AirPure Mini Humidifier",Home & Office,1,21.61,21.61,2025-12-14 21:40:00
1246,CUST-0010,"James Anderson","ClearView 27in Monitor",Electronics,4,308.75,1235,2025-12-25 14:21:00
1247,CUST-0143,"Lucas Jones","SnapLens Webcam Cover 3-Pack",Accessories,2,8.29,16.58,2025-12-27 15:29:00
1248,CUST-0098,"Liam Johnson","Superstrike 2 Wireless Mouse",Electronics,1,76.6,76.6,2026-02-16 07:18:00
1249,CUST-0038,"Olivia Adams","FlexMount Monitor Arm",Electronics,4,41.15,164.6,2026-02-09 19:30:00
1250,CUST-0035,"Sebastian Jones","SnapLens Webcam Cover 3-Pack",Accessories,3,7.48,22.44,2026-02-15 12:39:00
1251,CUST-0172,"Charlotte Clark","PowerBank 20000mAh",Accessories,3,38.04,114.12,2026-01-26 08:31:00
1252,CUST-0091,"Henry Taylor","TitanGrip Phone Case",Accessories,3,20.34,61.02,2026-02-01 13:59:00
1253,CUST-0100,"Daniel Adams","QuickCharge 65W USB-C Adapter",Electronics,1,33.95,33.95,2025-12-06 08:58:00
1254,CUST-0001,"Logan Taylor","FlexFit Joggers",Apparel,4,51.08,204.32,2025-12-09 01:01:00
1255,CUST-0060,"Ella Wilson","Superstrike 2 Mousepad XL",Electronics,1,31.43,31.43,2026-01-22 11:24:00
1256,CUST-0035,"Sebastian Jones","PixelClean Screen Wipes 50ct",Accessories,1,7.31,7.31,2026-01-13 22:35:00
1257,CUST-0042,"Isabella Walker","SnapLens Webcam Cover 3-Pack",Accessories,1,8.47,8.47,2025-12-25 10:47:00
1258,CUST-0061,"James Hall","DryFit Performance Tee",Apparel,1,33.01,33.01,2026-02-13 12:23:00
1259,CUST-0094,"Mia Lee","MechForce TKL Keyboard",Electronics,1,96.66,96.66,2026-02-12 16:31:00
1260,CUST-0135,"Evelyn Young","AllWeather Zip Hoodie",Apparel,3,68.78,206.34,2026-01-23 18:35:00
1261,CUST-0039,"Elijah Scott","CloudStep Running Shoes",Apparel,3,113.35,340.05,2025-12-10 02:36:00
1262,CUST-0011,"Ella Smith","MechForce TKL Keyboard",Electronics,3,118.43,355.29,2025-12-21 21:14:00
1263,CUST-0100,"Daniel Adams","ErgoRise Standing Desk Mat",Home & Office,4,46.95,187.8,2025-11-19 23:15:00
1264,CUST-0089,"Noah Wright","FlexFit Joggers",Apparel,2,47.84,95.68,2026-01-19 20:52:00
1265,CUST-0116,"Harper Walker","SnapLens Webcam Cover 3-Pack",Accessories,2,8.63,17.26,2025-11-27 08:47:00
1266,CUST-0056,"Lucas Williams","DryFit Performance Tee",Apparel,3,31.2,93.6,2026-02-12 16:55:00
1267,CUST-0018,"Isabella Taylor","CableBox Organizer",Home & Office,4,21.12,84.48,2025-12-23 11:15:00
1268,CUST-0069,"Ethan Adams","NanoHub 7-Port USB Hub",Electronics,3,26.23,78.69,2026-01-17 20:20:00
1269,CUST-0114,"Noah Smith","CableBox Organizer",Home & Office,3,13.69,41.07,2026-01-22 09:06:00
1270,CUST-0167,"Ava King","LumiBar LED Desk Lamp",Home & Office,2,40.95,81.9,2025-11-27 20:02:00
1271,CUST-0001,"Logan Taylor","SteelWeave USB-C Cable 6ft",Accessories,1,11.76,11.76,2025-12-31 14:29:00
1272,CUST-0116,"Harper Walker","ClearView 27in Monitor",Electronics,2,270.2,540.4,2026-02-12 13:39:00
1273,CUST-0108,"Noah Miller","SnapLens Webcam Cover 3-Pack",Accessories,3,6.68,20.04,2026-02-15 12:46:00
1274,CUST-0047,"Mason Kim","Superstrike 2 Wireless Mouse",Electronics,2,77.87,155.74,2025-12-31 11:02:00
1275,CUST-0100,"Daniel Adams","FlexFit Joggers",Apparel,2,55.44,110.88,2026-01-06 11:38:00
1276,CUST-0121,"Oliver Davis","MechForce TKL Keyboard",Electronics,1,99.5,99.5,2026-02-07 08:36:00
1277,CUST-0076,"Henry Davis","StreamDeck Mini Controller",Electronics,4,57.34,229.36,2025-12-08 10:04:00
1278,CUST-0168,"Grace Lee","MechForce TKL Keyboard",Electronics,3,100.47,301.41,2026-02-01 15:17:00
1279,CUST-0037,"Amelia Allen","CloudStep Running Shoes",Apparel,4,100.66,402.64,2026-01-20 12:12:00
1280,CUST-0114,"Noah Smith","DryFit Performance Tee",Apparel,2,28.58,57.16,2026-01-31 19:18:00
1281,CUST-0055,"Noah Lewis","SnapLens Webcam Cover 3-Pack",Accessories,3,6.15,18.45,2025-12-28 11:05:00
1282,CUST-0056,"Lucas Williams","SoundPulse ANC Headphones",Electronics,1,138.04,138.04,2025-11-19 03:22:00
1283,CUST-0035,"Sebastian Jones","DryFit Performance Tee",Apparel,3,30.98,92.94,2026-01-22 13:22:00
1284,CUST-0178,"Liam Chen","LumiBar LED Desk Lamp",Home & Office,1,43.47,43.47,2025-12-19 18:00:00
1285,CUST-0065,"Ava Smith","ThermoMug Smart Warmer",Home & Office,1,38.99,38.99,2026-01-02 04:01:00
1286,CUST-0180,"Mason King","PixelClean Screen Wipes 50ct",Accessories,4,11.98,47.92,2025-12-09 10:20:00
1287,CUST-0050,"Liam Anderson","StreamDeck Mini Controller",Electronics,1,50.94,50.94,2025-12-31 12:31:00
1288,CUST-0149,"Harper Allen","TitanGrip Phone Case",Accessories,3,29.98,89.94,2026-01-03 00:54:00
1289,CUST-0019,"Emma Smith","MechForce TKL Keyboard",Electronics,3,117.34,352.02,2025-12-02 08:35:00
1290,CUST-0086,"Aiden Wilson","FlexFit Joggers",Apparel,2,63.09,126.18,2026-02-08 06:13:00
1291,CUST-0059,"Mia Kim","NanoHub 7-Port USB Hub",Electronics,2,27.02,54.04,2026-01-19 09:30:00
1292,CUST-0151,"Daniel Lee","QuickCharge 65W USB-C Adapter",Electronics,1,33.86,33.86,2026-02-12 09:37:00
1293,CUST-0145,"Ethan Green","QuickCharge 65W USB-C Adapter",Electronics,2,34.12,68.24,2026-01-09 07:34:00
1294,CUST-0037,"Amelia Allen","StreamDeck Mini Controller",Electronics,1,58.73,58.73,2025-12-28 21:02:00
1295,CUST-0181,"Logan Scott","AllWeather Zip Hoodie",Apparel,2,56.54,113.08,2026-01-31 01:35:00
1296,CUST-0193,"Lily Harris","CableBox Organizer",Home & Office,2,18.59,37.18,2026-01-31 15:19:00
1297,CUST-0121,"Oliver Davis","AllWeather Zip Hoodie",Apparel,1,63.97,63.97,2025-12-27 20:33:00
1298,CUST-0153,"Elijah Adams","Superstrike 2 USB-C Dongle",Electronics,2,19.73,39.46,2026-01-31 12:24:00
1299,CUST-0065,"Ava Smith","GlideWrist Ergonomic Wrist Rest",Accessories,3,18.47,55.41,2026-01-03 14:34:00
1300,CUST-0041,"Lucas Harris","DryFit Performance Tee",Apparel,1,27.23,27.23,2026-02-09 05:05:00
1301,CUST-0128,"Liam Wright","Superstrike 2 Mousepad XL",Electronics,2,31.22,62.44,2025-12-26 07:45:00
1302,CUST-0021,"Sophia Lewis","CableBox Organizer",Home & Office,1,18.85,18.85,2026-02-16 04:45:00
1303,CUST-0042,"Isabella Walker","PowerBank 20000mAh",Accessories,4,38.04,152.16,2026-01-31 19:08:00
1304,CUST-0143,"Lucas Jones","FlexMount Monitor Arm",Electronics,4,36.11,144.44,2026-02-16 00:54:00
1305,CUST-0147,"Amelia King","ErgoRise Standing Desk Mat",Home & Office,2,51.82,103.64,2026-01-28 09:10:00
1306,CUST-0168,"Grace Lee","TitanGrip Phone Case",Accessories,3,26.25,78.75,2026-02-07 22:13:00
1307,CUST-0002,"Ella Robinson","SoundPulse ANC Headphones",Electronics,3,173.02,519.06,2026-01-05 16:32:00
1308,CUST-0174,"Emma Johnson","ClearView 27in Monitor",Electronics,1,277.74,277.74,2026-01-11 18:04:00
1309,CUST-0182,"Henry Miller","ClearView 27in Monitor",Electronics,2,279.58,559.16,2026-01-24 16:34:00
1310,CUST-0135,"Evelyn Young","TitanGrip Phone Case",Accessories,2,22.45,44.9,2026-02-08 07:32:00
1311,CUST-0184,"Sophia Anderson","GlideWrist Ergonomic Wrist Rest",Accessories,3,21.61,64.83,2026-01-09 22:04:00
1312,CUST-0166,"Daniel Walker","SteelWeave USB-C Cable 6ft",Accessories,2,14.57,29.14,2026-02-10 02:31:00
1313,CUST-0165,"Logan Young","DryFit Performance Tee",Apparel,1,31.26,31.26,2026-02-03 05:09:00
1314,CUST-0041,"Lucas Harris","Superstrike 2 Wireless Mouse",Electronics,1,79.56,79.56,2025-12-30 01:58:00
1315,CUST-0031,"Olivia Chen","TitanGrip Phone Case",Accessories,4,26.13,104.52,2025-11-25 22:10:00
1316,CUST-0040,"Charlotte Harris","AirPure Mini Humidifier",Home & Office,2,23.94,47.88,2026-02-15 03:33:00
1317,CUST-0021,"Sophia Lewis","SnapLens Webcam Cover 3-Pack",Accessories,2,9.23,18.46,2026-01-17 01:32:00
1318,CUST-0183,"Liam Clark","Superstrike 2 USB-C Dongle",Electronics,2,16.66,33.32,2026-02-05 02:35:00
1319,CUST-0162,"Alex Patel","DryFit Performance Tee",Apparel,4,26.56,106.24,2026-02-11 13:16:00
1320,CUST-0010,"James Anderson","CableBox Organizer",Home & Office,3,19.08,57.24,2026-01-01 07:06:00
1321,CUST-0113,"Noah Jones","GlideWrist Ergonomic Wrist Rest",Accessories,4,18.51,74.04,2025-12-17 07:23:00
1322,CUST-0114,"Noah Smith","StreamDeck Mini Controller",Electronics,4,67.04,268.16,2026-01-29 04:49:00
1323,CUST-0153,"Elijah Adams","ClearView 27in Monitor",Electronics,1,287.89,287.89,2026-01-08 16:27:00
1324,CUST-0154,"Lily Hall","MechForce TKL Keyboard",Electronics,1,122.33,122.33,2025-12-24 03:21:00
1325,CUST-0171,"Alex Moore","Superstrike 2 USB-C Dongle",Electronics,1,18.94,18.94,2026-01-08 22:01:00
1326,CUST-0135,"Evelyn Young","AirPure Mini Humidifier",Home & Office,4,21.1,84.4,2025-12-21 07:43:00
1327,CUST-0193,"Lily Harris","SnapLens Webcam Cover 3-Pack",Accessories,1,9.97,9.97,2025-12-01 04:38:00
1328,CUST-0108,"Noah Miller","FlexMount Monitor Arm",Electronics,2,51.58,103.16,2026-01-28 16:44:00
1329,CUST-0090,"Amelia King","Superstrike 2 Wireless Mouse",Electronics,1,78.16,78.16,2025-12-29 06:17:00
1330,CUST-0049,"Chloe Scott","SnapLens Webcam Cover 3-Pack",Accessories,1,6.37,6.37,2026-01-19 04:27:00
1331,CUST-0059,"Mia Kim","QuickCharge 65W USB-C Adapter",Electronics,4,42.91,171.64,2026-01-23 03:20:00
1332,CUST-0144,"Jack Lee","QuickCharge 65W USB-C Adapter",Electronics,3,32.62,97.86,2026-02-07 19:31:00
1333,CUST-0150,"Isabella Anderson","AirPure Mini Humidifier",Home & Office,1,34.75,34.75,2025-12-19 04:23:00
1334,CUST-0033,"Logan Wright","SteelWeave USB-C Cable 6ft",Accessories,2,13.63,27.26,2025-12-11 16:43:00
1335,CUST-0075,"Mia Miller","Superstrike 2 Mousepad XL",Electronics,1,30.19,30.19,2026-01-11 17:48:00
1336,CUST-0188,"Olivia Young","ThermoMug Smart Warmer",Home & Office,4,27.18,108.72,2025-12-03 22:25:00
1337,CUST-0073,"Mia Taylor","ErgoRise Standing Desk Mat",Home & Office,2,40,80,2026-01-23 05:57:00
1338,CUST-0045,"Lily Wright","TitanGrip Phone Case",Accessories,1,29.82,29.82,2026-02-12 23:13:00
1339,CUST-0185,"Mason Brown","StreamDeck Mini Controller",Electronics,2,52.05,104.1,2026-01-17 21:57:00
1340,CUST-0037,"Amelia Allen","QuickCharge 65W USB-C Adapter",Electronics,1,30.29,30.29,2026-02-10 07:39:00
1341,CUST-0077,"Aiden Clark","SoundPulse ANC Headphones",Electronics,3,132.19,396.57,2025-12-07 11:36:00
1342,CUST-0183,"Liam Clark","StreamDeck Mini Controller",Electronics,3,58.18,174.54,2026-02-07 16:27:00
1343,CUST-0069,"Ethan Adams","QuickCharge 65W USB-C Adapter",Electronics,1,39.12,39.12,2026-01-31 13:53:00
1344,CUST-0094,"Mia Lee","DryFit Performance Tee",Apparel,4,34.74,138.96,2025-12-20 03:41:00
1345,CUST-0071,"Noah Johnson","SnapLens Webcam Cover 3-Pack",Accessories,3,7.69,23.07,2026-02-14 13:56:00
1346,CUST-0068,"Lucas Chen","Superstrike 2 USB-C Dongle",Electronics,1,15.03,15.03,2025-12-13 14:52:00
1347,CUST-0086,"Aiden Wilson","ThermoMug Smart Warmer",Home & Office,2,38.62,77.24,2025-12-20 05:58:00
1348,CUST-0086,"Aiden Wilson","TitanGrip Phone Case",Accessories,4,19.41,77.64,2026-02-14 10:45:00
1349,CUST-0194,"Ella Miller","AirPure Mini Humidifier",Home & Office,1,20.03,20.03,2025-12-27 23:24:00
1350,CUST-0118,"Ava Lewis","CloudStep Running Shoes",Apparel,2,111.58,223.16,2026-02-13 03:18:00
1351,CUST-0177,"Ella Robinson","PowerBank 20000mAh",Accessories,1,48.27,48.27,2025-12-04 06:12:00
1352,CUST-0027,"Alex Robinson","FlexMount Monitor Arm",Electronics,3,35.82,107.46,2026-02-14 23:30:00
1353,CUST-0170,"Aiden Wright","NanoHub 7-Port USB Hub",Electronics,2,22.76,45.52,2026-02-14 13:43:00
1354,CUST-0112,"Charlotte Walker","TitanGrip Phone Case",Accessories,1,26.25,26.25,2026-01-07 22:22:00
1355,CUST-0045,"Lily Wright","NanoHub 7-Port USB Hub",Electronics,1,23.42,23.42,2026-02-10 01:53:00
1356,CUST-0096,"Ella King","StreamDeck Mini Controller",Electronics,2,52.94,105.88,2026-02-16 08:35:00
1357,CUST-0053,"Luna Robinson","PowerBank 20000mAh",Accessories,4,35.92,143.68,2025-12-26 20:29:00
1358,CUST-0142,"James Wilson","Superstrike 2 USB-C Dongle",Electronics,3,16.96,50.88,2026-01-10 19:10:00
1359,CUST-0131,"Emma Wilson","AllWeather Zip Hoodie",Apparel,4,79.44,317.76,2025-12-06 13:31:00
1360,CUST-0189,"Alex Scott","NanoHub 7-Port USB Hub",Electronics,2,20.71,41.42,2026-01-23 19:48:00
1361,CUST-0104,"Charlotte Wright","QuickCharge 65W USB-C Adapter",Electronics,2,30.68,61.36,2026-01-15 08:56:00
1362,CUST-0183,"Liam Clark","DryFit Performance Tee",Apparel,3,25.84,77.52,2025-11-29 14:01:00
1363,CUST-0151,"Daniel Lee","SoundPulse ANC Headphones",Electronics,1,153.61,153.61,2026-01-28 08:41:00
1364,CUST-0123,"Amelia Jones","StreamDeck Mini Controller",Electronics,4,57.91,231.64,2026-02-13 23:13:00
1365,CUST-0179,"Mason Walker","ThermoMug Smart Warmer",Home & Office,3,38.93,116.79,2026-02-02 03:46:00
1366,CUST-0138,"Liam Garcia","AllWeather Zip Hoodie",Apparel,2,65.65,131.3,2025-12-07 21:48:00
1367,CUST-0147,"Amelia King","MechForce TKL Keyboard",Electronics,3,129.94,389.82,2025-12-13 13:41:00
1368,CUST-0017,"Aiden Allen","GlideWrist Ergonomic Wrist Rest",Accessories,3,21.43,64.29,2026-02-15 20:48:00
1369,CUST-0071,"Noah Johnson","GlideWrist Ergonomic Wrist Rest",Accessories,3,17.22,51.66,2026-01-27 12:04:00
1370,CUST-0061,"James Hall","CableBox Organizer",Home & Office,3,20.94,62.82,2025-12-05 03:22:00
1371,CUST-0198,"Chloe Thomas","SoundPulse ANC Headphones",Electronics,3,175.96,527.88,2025-11-19 16:31:00
1372,CUST-0062,"Evelyn Wright","DryFit Performance Tee",Apparel,3,34.79,104.37,2025-12-30 04:16:00
1373,CUST-0078,"Elijah Harris","CloudStep Running Shoes",Apparel,4,102.67,410.68,2025-12-13 09:41:00
1374,CUST-0071,"Noah Johnson","CableBox Organizer",Home & Office,3,14.61,43.83,2026-01-19 20:32:00
1375,CUST-0018,"Isabella Taylor","SnapLens Webcam Cover 3-Pack",Accessories,2,6.31,12.62,2026-01-30 20:16:00
1376,CUST-0142,"James Wilson","SnapLens Webcam Cover 3-Pack",Accessories,4,5.81,23.24,2026-01-18 11:29:00
1377,CUST-0033,"Logan Wright","FlexFit Joggers",Apparel,2,48.56,97.12,2025-12-19 00:46:00
1378,CUST-0159,"Oliver Miller","LumiBar LED Desk Lamp",Home & Office,1,46.22,46.22,2025-12-30 22:14:00
1379,CUST-0165,"Logan Young","SteelWeave USB-C Cable 6ft",Accessories,4,13.1,52.4,2026-01-15 16:27:00
1380,CUST-0115,"Mason Taylor","PixelClean Screen Wipes 50ct",Accessories,4,11.65,46.6,2026-02-16 11:58:00
1381,CUST-0195,"Evelyn Chen","Superstrike 2 Wireless Mouse",Electronics,1,73.5,73.5,2025-11-30 17:21:00
1382,CUST-0066,"Luna Walker","Superstrike 2 USB-C Dongle",Electronics,1,15.97,15.97,2026-02-15 11:39:00
1383,CUST-0037,"Amelia Allen","GlideWrist Ergonomic Wrist Rest",Accessories,3,24.69,74.07,2026-01-28 04:04:00
1384,CUST-0160,"Amelia King","DryFit Performance Tee",Apparel,1,27.02,27.02,2026-02-07 13:48:00
1385,CUST-0034,"Liam Walker","GlideWrist Ergonomic Wrist Rest",Accessories,2,20.85,41.7,2026-02-08 14:32:00
1386,CUST-0145,"Ethan Green","MechForce TKL Keyboard",Electronics,1,108.18,108.18,2025-11-22 17:38:00
1387,CUST-0147,"Amelia King","TitanGrip Phone Case",Accessories,1,16.02,16.02,2026-01-31 17:05:00
1388,CUST-0172,"Charlotte Clark","PowerBank 20000mAh",Accessories,1,44.9,44.9,2026-01-11 23:54:00
1389,CUST-0189,"Alex Scott","PowerBank 20000mAh",Accessories,2,47.93,95.86,2026-02-13 02:12:00
1390,CUST-0116,"Harper Walker","AirPure Mini Humidifier",Home & Office,2,24.86,49.72,2025-12-07 00:34:00
1391,CUST-0104,"Charlotte Wright","ClearView 27in Monitor",Electronics,4,251.52,1006.08,2026-02-12 18:01:00
1392,CUST-0066,"Luna Walker","FlexMount Monitor Arm",Electronics,4,54.75,219,2025-12-04 05:39:00
1393,CUST-0102,"Ella King","StreamDeck Mini Controller",Electronics,1,59.56,59.56,2026-01-04 19:40:00
1394,CUST-0194,"Ella Miller","ClearView 27in Monitor",Electronics,3,345.01,1035.03,2025-12-14 15:24:00
1395,CUST-0146,"Sebastian Brown","PixelClean Screen Wipes 50ct",Accessories,1,9.68,9.68,2025-12-16 04:48:00
1396,CUST-0114,"Noah Smith","ThermoMug Smart Warmer",Home & Office,2,39.73,79.46,2026-02-07 12:06:00
1397,CUST-0194,"Ella Miller","Superstrike 2 Mousepad XL",Electronics,3,33.93,101.79,2025-12-18 21:43:00
1398,CUST-0038,"Olivia Adams","PowerBank 20000mAh",Accessories,1,47.04,47.04,2026-01-15 06:40:00
1399,CUST-0001,"Logan Taylor","SnapLens Webcam Cover 3-Pack",Accessories,3,7.46,22.38,2026-02-04 21:39:00
1400,CUST-0040,"Charlotte Harris","AllWeather Zip Hoodie",Apparel,2,68.87,137.74,2026-01-15 05:07:00
1401,CUST-0148,"Sebastian Robinson","SteelWeave USB-C Cable 6ft",Accessories,3,13.95,41.85,2026-01-06 21:19:00
1402,CUST-0031,"Olivia Chen","DryFit Performance Tee",Apparel,2,33.13,66.26,2026-01-28 02:55:00
1403,CUST-0128,"Liam Wright","Superstrike 2 Mousepad XL",Electronics,3,31.42,94.26,2025-12-28 00:02:00
1404,CUST-0084,"Isabella Smith","ThermoMug Smart Warmer",Home & Office,2,39.03,78.06,2025-12-07 19:19:00
1405,CUST-0036,"Luna Johnson","MechForce TKL Keyboard",Electronics,3,126.97,380.91,2026-01-01 05:05:00
1406,CUST-0038,"Olivia Adams","CloudStep Running Shoes",Apparel,1,102.53,102.53,2026-02-16 00:35:00
1407,CUST-0097,"Daniel Smith","ClearView 27in Monitor",Electronics,2,320.45,640.9,2026-01-14 04:44:00
1408,CUST-0134,"Sebastian Hall","PixelClean Screen Wipes 50ct",Accessories,2,8.41,16.82,2026-02-07 18:11:00
1409,CUST-0149,"Harper Allen","AllWeather Zip Hoodie",Apparel,1,67.51,67.51,2026-02-13 01:21:00
1410,CUST-0148,"Sebastian Robinson","SnapLens Webcam Cover 3-Pack",Accessories,2,9.7,19.4,2025-11-30 06:40:00
1411,CUST-0163,"Mason Green","ThermoMug Smart Warmer",Home & Office,2,29.53,59.06,2026-02-07 21:37:00
1412,CUST-0155,"Isabella Clark","Superstrike 2 USB-C Dongle",Electronics,2,15.41,30.82,2025-12-20 01:55:00
1413,CUST-0188,"Olivia Young","LumiBar LED Desk Lamp",Home & Office,1,30.38,30.38,2025-12-31 10:08:00
1414,CUST-0200,"Chloe Moore","PowerBank 20000mAh",Accessories,2,37.3,74.6,2025-11-24 11:10:00
1415,CUST-0133,"Elijah Garcia","FlexFit Joggers",Apparel,1,46.87,46.87,2026-02-15 18:06:00
1416,CUST-0017,"Aiden Allen","ClearView 27in Monitor",Electronics,1,316.26,316.26,2026-02-10 15:21:00
1417,CUST-0160,"Amelia King","Superstrike 2 USB-C Dongle",Electronics,1,15.87,15.87,2026-01-26 07:58:00
1418,CUST-0092,"Noah Clark","CloudStep Running Shoes",Apparel,2,104.45,208.9,2026-02-11 12:58:00
1419,CUST-0102,"Ella King","Superstrike 2 Wireless Mouse",Electronics,2,62.29,124.58,2026-02-03 11:05:00
1420,CUST-0034,"Liam Walker","LumiBar LED Desk Lamp",Home & Office,1,30.93,30.93,2026-02-11 13:16:00
1421,CUST-0166,"Daniel Walker","TitanGrip Phone Case",Accessories,3,19.48,58.44,2025-12-05 04:53:00
1422,CUST-0009,"Alex Clark","PixelClean Screen Wipes 50ct",Accessories,2,9.77,19.54,2026-01-31 19:51:00
1423,CUST-0044,"Ella Robinson","Superstrike 2 Wireless Mouse",Electronics,1,75.05,75.05,2025-12-15 21:37:00
1424,CUST-0114,"Noah Smith","PowerBank 20000mAh",Accessories,2,38.66,77.32,2025-12-26 07:30:00
1425,CUST-0158,"Isabella Wright","ThermoMug Smart Warmer",Home & Office,1,28.27,28.27,2025-12-04 17:47:00
1426,CUST-0194,"Ella Miller","AirPure Mini Humidifier",Home & Office,1,25.29,25.29,2026-02-10 05:06:00
1427,CUST-0154,"Lily Hall","Superstrike 2 USB-C Dongle",Electronics,1,16.2,16.2,2025-12-12 10:57:00
1428,CUST-0103,"Harper Miller","ClearView 27in Monitor",Electronics,1,312.87,312.87,2025-12-27 07:27:00
1429,CUST-0086,"Aiden Wilson","PixelClean Screen Wipes 50ct",Accessories,1,10.81,10.81,2025-12-25 23:31:00
1430,CUST-0001,"Logan Taylor","TitanGrip Phone Case",Accessories,2,16.27,32.54,2026-01-22 17:57:00
1431,CUST-0031,"Olivia Chen","GlideWrist Ergonomic Wrist Rest",Accessories,1,22.41,22.41,2026-02-16 10:48:00
1432,CUST-0153,"Elijah Adams","GlideWrist Ergonomic Wrist Rest",Accessories,3,15.16,45.48,2026-02-01 10:21:00
1433,CUST-0181,"Logan Scott","Superstrike 2 Wireless Mouse",Electronics,2,64.75,129.5,2026-01-26 17:58:00
1434,CUST-0028,"Grace Garcia","TitanGrip Phone Case",Accessories,1,24.75,24.75,2026-02-09 22:36:00
1435,CUST-0165,"Logan Young","StreamDeck Mini Controller",Electronics,1,51.99,51.99,2025-12-19 00:20:00
1436,CUST-0033,"Logan Wright","SnapLens Webcam Cover 3-Pack",Accessories,4,7.23,28.92,2025-12-24 22:52:00
1437,CUST-0137,"Amelia Johnson","Superstrike 2 Mousepad XL",Electronics,1,26.55,26.55,2025-12-29 13:10:00
1438,CUST-0145,"Ethan Green","Superstrike 2 Wireless Mouse",Electronics,4,64.15,256.6,2026-01-03 08:34:00
1439,CUST-0144,"Jack Lee","ThermoMug Smart Warmer",Home & Office,3,38.07,114.21,2026-02-10 07:39:00
1440,CUST-0020,"Elijah Harris","CableBox Organizer",Home & Office,2,22.09,44.18,2025-12-08 15:36:00
1441,CUST-0042,"Isabella Walker","LumiBar LED Desk Lamp",Home & Office,2,39.4,78.8,2025-12-30 01:27:00
1442,CUST-0130,"Liam Allen","Superstrike 2 Mousepad XL",Electronics,1,28.06,28.06,2026-02-07 07:12:00
1443,CUST-0152,"Alex Lee","Superstrike 2 USB-C Dongle",Electronics,1,18.28,18.28,2025-12-13 01:49:00
1444,CUST-0114,"Noah Smith","AirPure Mini Humidifier",Home & Office,3,28.03,84.09,2025-11-23 15:52:00
1445,CUST-0091,"Henry Taylor","NanoHub 7-Port USB Hub",Electronics,1,23.06,23.06,2026-01-14 09:22:00
1446,CUST-0148,"Sebastian Robinson","NanoHub 7-Port USB Hub",Electronics,1,21.5,21.5,2026-01-21 18:30:00
1447,CUST-0131,"Emma Wilson","ClearView 27in Monitor",Electronics,1,341.38,341.38,2026-01-31 06:16:00
1448,CUST-0046,"Oliver Lee","SnapLens Webcam Cover 3-Pack",Accessories,1,6.11,6.11,2025-12-02 15:25:00
1449,CUST-0188,"Olivia Young","NanoHub 7-Port USB Hub",Electronics,4,29.96,119.84,2026-01-14 19:37:00
1450,CUST-0166,"Daniel Walker","QuickCharge 65W USB-C Adapter",Electronics,1,32.5,32.5,2026-01-10 15:57:00
1451,CUST-0150,"Isabella Anderson","AllWeather Zip Hoodie",Apparel,3,66.79,200.37,2025-11-29 06:43:00
1452,CUST-0199,"Noah Garcia","AirPure Mini Humidifier",Home & Office,1,21.63,21.63,2025-11-24 16:34:00
1453,CUST-0079,"Sophia Davis","MechForce TKL Keyboard",Electronics,2,122.14,244.28,2026-02-16 06:07:00
1454,CUST-0057,"Logan Wright","TitanGrip Phone Case",Accessories,1,23.65,23.65,2025-12-23 09:16:00
1455,CUST-0105,"Alex Miller","PowerBank 20000mAh",Accessories,2,48.04,96.08,2026-02-11 20:27:00
1456,CUST-0100,"Daniel Adams","ClearView 27in Monitor",Electronics,2,334.73,669.46,2026-02-14 12:09:00
1457,CUST-0179,"Mason Walker","SoundPulse ANC Headphones",Electronics,3,174.25,522.75,2025-12-25 10:20:00
1458,CUST-0088,"Jack Taylor","Superstrike 2 Mousepad XL",Electronics,3,32.83,98.49,2025-12-03 13:34:00
1459,CUST-0140,"Alex Robinson","StreamDeck Mini Controller",Electronics,2,59.34,118.68,2026-01-12 19:28:00
1460,CUST-0080,"Mason Davis","DryFit Performance Tee",Apparel,4,28.22,112.88,2025-12-02 18:23:00
1461,CUST-0112,"Charlotte Walker","SteelWeave USB-C Cable 6ft",Accessories,3,15.62,46.86,2026-02-06 09:40:00
1462,CUST-0051,"Jack Kim","DryFit Performance Tee",Apparel,2,28.52,57.04,2026-02-10 03:07:00
1463,CUST-0085,"Harper Williams","ThermoMug Smart Warmer",Home & Office,3,27.19,81.57,2026-01-11 04:51:00
1464,CUST-0028,"Grace Garcia","MechForce TKL Keyboard",Electronics,3,97.37,292.11,2026-02-14 10:14:00
1465,CUST-0079,"Sophia Davis","ThermoMug Smart Warmer",Home & Office,1,38.95,38.95,2026-01-05 07:21:00
1466,CUST-0166,"Daniel Walker","Superstrike 2 Wireless Mouse",Electronics,3,71.63,214.89,2025-12-13 07:37:00
1467,CUST-0053,"Luna Robinson","Superstrike 2 Wireless Mouse",Electronics,1,60.57,60.57,2026-01-11 17:13:00
1468,CUST-0188,"Olivia Young","DryFit Performance Tee",Apparel,2,31.42,62.84,2025-12-22 04:34:00
1469,CUST-0155,"Isabella Clark","TitanGrip Phone Case",Accessories,2,17.01,34.02,2026-02-15 22:20:00
1470,CUST-0071,"Noah Johnson","ThermoMug Smart Warmer",Home & Office,1,27.65,27.65,2025-12-19 18:47:00
1471,CUST-0179,"Mason Walker","SoundPulse ANC Headphones",Electronics,1,166.23,166.23,2025-12-11 15:26:00
1472,CUST-0089,"Noah Wright","DryFit Performance Tee",Apparel,3,31.63,94.89,2026-02-06 00:51:00
1473,CUST-0168,"Grace Lee","PixelClean Screen Wipes 50ct",Accessories,4,9.47,37.88,2026-02-15 16:15:00
1474,CUST-0027,"Alex Robinson","PixelClean Screen Wipes 50ct",Accessories,3,10.67,32.01,2025-12-25 01:41:00
1475,CUST-0134,"Sebastian Hall","StreamDeck Mini Controller",Electronics,2,57.26,114.52,2026-01-25 06:40:00
1476,CUST-0132,"Ethan Walker","GlideWrist Ergonomic Wrist Rest",Accessories,3,21.4,64.2,2026-01-23 04:31:00
1477,CUST-0184,"Sophia Anderson","LumiBar LED Desk Lamp",Home & Office,3,41.42,124.26,2026-01-13 02:15:00
1478,CUST-0101,"Jack Clark","CableBox Organizer",Home & Office,1,17.61,17.61,2026-01-03 22:58:00
1479,CUST-0131,"Emma Wilson","SnapLens Webcam Cover 3-Pack",Accessories,3,8.39,25.17,2025-12-29 15:23:00
1480,CUST-0080,"Mason Davis","StreamDeck Mini Controller",Electronics,2,56.97,113.94,2026-02-10 17:13:00
1481,CUST-0163,"Mason Green","StreamDeck Mini Controller",Electronics,3,61.89,185.67,2026-02-14 15:32:00
1482,CUST-0122,"Isabella Patel","FlexMount Monitor Arm",Electronics,3,48.4,145.2,2025-12-08 00:28:00
1483,CUST-0196,"Daniel Young","Superstrike 2 Mousepad XL",Electronics,1,30.33,30.33,2026-01-13 01:56:00
1484,CUST-0098,"Liam Johnson","QuickCharge 65W USB-C Adapter",Electronics,3,40.15,120.45,2026-02-08 03:23:00
1485,CUST-0005,"Ella Anderson","PixelClean Screen Wipes 50ct",Accessories,4,9.66,38.64,2026-02-11 06:51:00
1486,CUST-0188,"Olivia Young","Superstrike 2 Wireless Mouse",Electronics,3,61,183,2025-11-24 18:36:00
1487,CUST-0018,"Isabella Taylor","LumiBar LED Desk Lamp",Home & Office,3,31.13,93.39,2026-01-21 14:47:00
1488,CUST-0147,"Amelia King","LumiBar LED Desk Lamp",Home & Office,3,40.24,120.72,2025-12-11 06:12:00
1489,CUST-0002,"Ella Robinson","ErgoRise Standing Desk Mat",Home & Office,2,48.46,96.92,2025-12-13 13:13:00
1490,CUST-0105,"Alex Miller","DryFit Performance Tee",Apparel,1,33.46,33.46,2025-12-10 16:53:00
1491,CUST-0058,"Isabella Young","LumiBar LED Desk Lamp",Home & Office,4,33.06,132.24,2026-01-08 07:27:00
1492,CUST-0063,"Grace Williams","ThermoMug Smart Warmer",Home & Office,2,27.09,54.18,2025-12-14 13:51:00
1493,CUST-0179,"Mason Walker","ThermoMug Smart Warmer",Home & Office,4,26.49,105.96,2026-01-12 13:48:00
1494,CUST-0101,"Jack Clark","CloudStep Running Shoes",Apparel,1,117.4,117.4,2026-02-07 21:58:00
1495,CUST-0056,"Lucas Williams","FlexFit Joggers",Apparel,1,58.78,58.78,2025-12-19 04:08:00
1496,CUST-0120,"Aiden Taylor","ErgoRise Standing Desk Mat",Home & Office,4,42.03,168.12,2025-12-18 03:39:00
1497,CUST-0080,"Mason Davis","SoundPulse ANC Headphones",Electronics,1,143.64,143.64,2026-02-10 10:13:00
1498,CUST-0130,"Liam Allen","SnapLens Webcam Cover 3-Pack",Accessories,3,5.35,16.05,2026-02-11 12:39:00
1499,CUST-0008,"Ava Thomas","NanoHub 7-Port USB Hub",Electronics,1,22.1,22.1,2026-01-21 17:28:00
1500,CUST-0001,"Logan Taylor","NanoHub 7-Port USB Hub",Electronics,3,25.31,75.93,2026-01-30 09:31:00
1501,CUST-0124,"Amelia Lee","LumiBar LED Desk Lamp",Home & Office,3,37.75,113.25,2026-02-06 07:06:00
1502,CUST-0068,"Lucas Chen","StreamDeck Mini Controller",Electronics,1,66.87,66.87,2025-12-07 19:05:00
1503,CUST-0093,"Jack Williams","ErgoRise Standing Desk Mat",Home & Office,3,46.21,138.63,2025-12-04 08:44:00
1504,CUST-0163,"Mason Green","NanoHub 7-Port USB Hub",Electronics,1,29.29,29.29,2026-01-20 09:35:00
1505,CUST-0154,"Lily Hall","Superstrike 2 USB-C Dongle",Electronics,2,17.02,34.04,2026-01-02 04:28:00
1506,CUST-0136,"Elijah Allen","AllWeather Zip Hoodie",Apparel,1,60.77,60.77,2026-02-03 10:00:00
1507,CUST-0059,"Mia Kim","MechForce TKL Keyboard",Electronics,1,97.89,97.89,2025-11-27 03:14:00
1508,CUST-0023,"Daniel King","Superstrike 2 Wireless Mouse",Electronics,1,67.78,67.78,2026-02-12 13:43:00
1509,CUST-0116,"Harper Walker","SnapLens Webcam Cover 3-Pack",Accessories,1,7.37,7.37,2025-12-25 01:41:00
1510,CUST-0069,"Ethan Adams","StreamDeck Mini Controller",Electronics,4,51.26,205.04,2026-01-03 22:00:00
1511,CUST-0104,"Charlotte Wright","Superstrike 2 Wireless Mouse",Electronics,3,60.77,182.31,2025-11-20 02:27:00
1512,CUST-0168,"Grace Lee","SoundPulse ANC Headphones",Electronics,3,161.17,483.51,2026-01-10 01:58:00
1513,CUST-0090,"Amelia King","SnapLens Webcam Cover 3-Pack",Accessories,3,5.4,16.2,2026-01-13 20:00:00
1514,CUST-0061,"James Hall","PowerBank 20000mAh",Accessories,3,35.13,105.39,2026-01-13 11:29:00
1515,CUST-0197,"Mia Williams","AirPure Mini Humidifier",Home & Office,3,21.63,64.89,2026-01-01 22:14:00
1516,CUST-0163,"Mason Green","Superstrike 2 USB-C Dongle",Electronics,3,18.44,55.32,2026-01-30 09:39:00
1517,CUST-0086,"Aiden Wilson","ErgoRise Standing Desk Mat",Home & Office,1,43.32,43.32,2025-12-06 19:28:00
1518,CUST-0014,"Ava Young","Superstrike 2 Wireless Mouse",Electronics,1,75.15,75.15,2025-12-05 20:19:00
1519,CUST-0073,"Mia Taylor","ErgoRise Standing Desk Mat",Home & Office,2,54.36,108.72,2025-11-20 21:17:00
1520,CUST-0031,"Olivia Chen","AirPure Mini Humidifier",Home & Office,3,26.51,79.53,2025-12-28 18:48:00
1521,CUST-0186,"Luna Thomas","ClearView 27in Monitor",Electronics,1,316.32,316.32,2026-02-15 18:35:00
1522,CUST-0103,"Harper Miller","SoundPulse ANC Headphones",Electronics,1,160.06,160.06,2026-02-11 13:17:00
1523,CUST-0151,"Daniel Lee","PowerBank 20000mAh",Accessories,4,36.32,145.28,2026-01-24 07:43:00
1524,CUST-0181,"Logan Scott","Superstrike 2 Wireless Mouse",Electronics,1,63.29,63.29,2026-01-26 01:11:00
1525,CUST-0025,"Mason Jones","SnapLens Webcam Cover 3-Pack",Accessories,3,6.58,19.74,2025-11-26 21:56:00
1526,CUST-0104,"Charlotte Wright","SteelWeave USB-C Cable 6ft",Accessories,3,14.31,42.93,2026-02-06 03:09:00
1527,CUST-0017,"Aiden Allen","Superstrike 2 Wireless Mouse",Electronics,2,62.22,124.44,2025-12-22 07:39:00
1528,CUST-0178,"Liam Chen","PowerBank 20000mAh",Accessories,4,46.67,186.68,2026-02-06 13:53:00
1529,CUST-0162,"Alex Patel","PixelClean Screen Wipes 50ct",Accessories,3,10.33,30.99,2026-02-02 14:13:00
1530,CUST-0055,"Noah Lewis","FlexFit Joggers",Apparel,1,62.61,62.61,2026-01-31 04:07:00
1531,CUST-0179,"Mason Walker","Superstrike 2 Wireless Mouse",Electronics,3,79.22,237.66,2026-02-12 18:16:00
1532,CUST-0166,"Daniel Walker","NanoHub 7-Port USB Hub",Electronics,1,25.99,25.99,2026-01-29 20:15:00
1533,CUST-0111,"Sebastian Wright","QuickCharge 65W USB-C Adapter",Electronics,1,37.06,37.06,2025-12-09 23:37:00
1534,CUST-0032,"Lucas Anderson","NanoHub 7-Port USB Hub",Electronics,2,25.36,50.72,2026-01-29 23:44:00
1535,CUST-0019,"Emma Smith","Superstrike 2 USB-C Dongle",Electronics,3,19.78,59.34,2026-01-02 13:35:00
1536,CUST-0048,"Alex Davis","CableBox Organizer",Home & Office,1,13.74,13.74,2025-12-31 18:06:00
1537,CUST-0200,"Chloe Moore","SteelWeave USB-C Cable 6ft",Accessories,4,11.33,45.32,2026-02-11 13:53:00
1538,CUST-0175,"Liam Kim","MechForce TKL Keyboard",Electronics,3,129.62,388.86,2025-12-14 23:11:00
1539,CUST-0007,"Daniel Davis","DryFit Performance Tee",Apparel,3,27.36,82.08,2026-01-28 09:09:00
1540,CUST-0081,"Alex Williams","LumiBar LED Desk Lamp",Home & Office,1,46.32,46.32,2025-11-19 20:10:00
1541,CUST-0136,"Elijah Allen","FlexMount Monitor Arm",Electronics,2,48.75,97.5,2026-02-04 17:52:00
1542,CUST-0112,"Charlotte Walker","GlideWrist Ergonomic Wrist Rest",Accessories,2,18.88,37.76,2025-11-24 23:30:00
1543,CUST-0182,"Henry Miller","FlexMount Monitor Arm",Electronics,3,53.68,161.04,2025-12-26 12:04:00
1544,CUST-0098,"Liam Johnson","SnapLens Webcam Cover 3-Pack",Accessories,1,8.6,8.6,2026-01-22 02:51:00
1545,CUST-0095,"Lily Anderson","Superstrike 2 USB-C Dongle",Electronics,2,16.68,33.36,2026-01-14 17:34:00
1546,CUST-0025,"Mason Jones","GlideWrist Ergonomic Wrist Rest",Accessories,4,22.93,91.72,2025-12-06 08:10:00
1547,CUST-0198,"Chloe Thomas","Superstrike 2 Wireless Mouse",Electronics,1,69.46,69.46,2026-01-17 11:42:00
1548,CUST-0187,"Aiden Harris","AirPure Mini Humidifier",Home & Office,3,25.14,75.42,2026-02-16 06:09:00
1549,CUST-0008,"Ava Thomas","LumiBar LED Desk Lamp",Home & Office,4,41.01,164.04,2026-02-16 00:30:00
1550,CUST-0105,"Alex Miller","ThermoMug Smart Warmer",Home & Office,1,32.35,32.35,2026-01-21 00:27:00
1551,CUST-0182,"Henry Miller","DryFit Performance Tee",Apparel,2,26.3,52.6,2026-02-12 06:11:00
1552,CUST-0197,"Mia Williams","PixelClean Screen Wipes 50ct",Accessories,1,7.17,7.17,2025-12-19 14:31:00
1553,CUST-0167,"Ava King","ErgoRise Standing Desk Mat",Home & Office,1,53.15,53.15,2026-02-14 04:03:00
1554,CUST-0134,"Sebastian Hall","GlideWrist Ergonomic Wrist Rest",Accessories,3,24.27,72.81,2025-12-05 20:10:00
1555,CUST-0074,"Oliver Robinson","PixelClean Screen Wipes 50ct",Accessories,2,9.58,19.16,2026-02-02 22:24:00
1556,CUST-0090,"Amelia King","ErgoRise Standing Desk Mat",Home & Office,3,55.8,167.4,2026-01-07 11:40:00
1557,CUST-0061,"James Hall","LumiBar LED Desk Lamp",Home & Office,4,49.73,198.92,2025-12-18 22:46:00
1558,CUST-0102,"Ella King","AllWeather Zip Hoodie",Apparel,4,78,312,2026-01-16 06:47:00
1559,CUST-0119,"Amelia Taylor","AllWeather Zip Hoodie",Apparel,2,67.42,134.84,2026-02-16 01:31:00
1560,CUST-0063,"Grace Williams","NanoHub 7-Port USB Hub",Electronics,1,26.62,26.62,2026-01-06 13:44:00
1561,CUST-0175,"Liam Kim","PowerBank 20000mAh",Accessories,2,46.48,92.96,2026-01-20 19:19:00
1562,CUST-0178,"Liam Chen","SnapLens Webcam Cover 3-Pack",Accessories,4,9.22,36.88,2025-12-15 18:58:00
1563,CUST-0096,"Ella King","ThermoMug Smart Warmer",Home & Office,3,29.45,88.35,2026-01-21 02:36:00
1564,CUST-0193,"Lily Harris","ThermoMug Smart Warmer",Home & Office,1,29.79,29.79,2026-01-30 04:12:00
1565,CUST-0051,"Jack Kim","PowerBank 20000mAh",Accessories,1,40.58,40.58,2026-01-30 13:50:00
1566,CUST-0112,"Charlotte Walker","NanoHub 7-Port USB Hub",Electronics,2,21.99,43.98,2026-02-09 17:32:00
1567,CUST-0161,"Logan Wright","AirPure Mini Humidifier",Home & Office,3,28.97,86.91,2026-01-18 11:02:00
1568,CUST-0147,"Amelia King","SteelWeave USB-C Cable 6ft",Accessories,4,10.2,40.8,2026-01-29 13:42:00
1569,CUST-0127,"Noah Green","DryFit Performance Tee",Apparel,1,33.4,33.4,2026-02-02 07:57:00
1570,CUST-0025,"Mason Jones","Superstrike 2 USB-C Dongle",Electronics,1,17.94,17.94,2025-12-31 08:05:00
1571,CUST-0149,"Harper Allen","SoundPulse ANC Headphones",Electronics,3,159.54,478.62,2025-12-28 02:38:00
1572,CUST-0060,"Ella Wilson","FlexFit Joggers",Apparel,3,57.55,172.65,2026-01-09 16:11:00
1573,CUST-0101,"Jack Clark","ClearView 27in Monitor",Electronics,1,274.69,274.69,2026-01-27 17:04:00
1574,CUST-0150,"Isabella Anderson","LumiBar LED Desk Lamp",Home & Office,3,49.78,149.34,2026-02-09 12:12:00
1575,CUST-0063,"Grace Williams","AirPure Mini Humidifier",Home & Office,2,23.72,47.44,2026-01-06 12:24:00
1576,CUST-0037,"Amelia Allen","DryFit Performance Tee",Apparel,3,33.76,101.28,2025-12-16 04:52:00
1577,CUST-0176,"Mia Allen","NanoHub 7-Port USB Hub",Electronics,3,26.72,80.16,2026-02-09 07:29:00
1578,CUST-0150,"Isabella Anderson","GlideWrist Ergonomic Wrist Rest",Accessories,2,23.69,47.38,2026-02-08 17:13:00
1579,CUST-0059,"Mia Kim","ClearView 27in Monitor",Electronics,3,341.1,1023.3,2026-02-03 03:07:00
1580,CUST-0137,"Amelia Johnson","Superstrike 2 Wireless Mouse",Electronics,1,70.41,70.41,2025-12-25 03:10:00
1581,CUST-0167,"Ava King","Superstrike 2 Mousepad XL",Electronics,3,32.83,98.49,2026-02-02 06:08:00
1582,CUST-0165,"Logan Young","SteelWeave USB-C Cable 6ft",Accessories,1,13.37,13.37,2025-11-26 11:56:00
1583,CUST-0169,"Aiden Garcia","LumiBar LED Desk Lamp",Home & Office,1,32.96,32.96,2026-02-13 18:56:00
1584,CUST-0023,"Daniel King","CloudStep Running Shoes",Apparel,4,114.9,459.6,2026-02-06 06:10:00
1585,CUST-0117,"Chloe Young","CloudStep Running Shoes",Apparel,1,110.85,110.85,2026-01-31 02:58:00
1586,CUST-0020,"Elijah Harris","NanoHub 7-Port USB Hub",Electronics,1,28.74,28.74,2025-12-04 04:04:00
1587,CUST-0068,"Lucas Chen","NanoHub 7-Port USB Hub",Electronics,1,22.76,22.76,2026-01-29 15:47:00
1588,CUST-0142,"James Wilson","QuickCharge 65W USB-C Adapter",Electronics,2,36.77,73.54,2026-01-28 23:39:00
1589,CUST-0118,"Ava Lewis","ClearView 27in Monitor",Electronics,1,294.39,294.39,2025-12-22 18:10:00
1590,CUST-0131,"Emma Wilson","AirPure Mini Humidifier",Home & Office,3,28.07,84.21,2026-01-02 20:03:00
1591,CUST-0024,"Amelia Williams","PowerBank 20000mAh",Accessories,1,46.6,46.6,2026-02-11 07:55:00
1592,CUST-0118,"Ava Lewis","SoundPulse ANC Headphones",Electronics,1,177.9,177.9,2026-01-11 00:12:00
1593,CUST-0165,"Logan Young","TitanGrip Phone Case",Accessories,3,23.8,71.4,2026-01-21 03:51:00
1594,CUST-0097,"Daniel Smith","LumiBar LED Desk Lamp",Home & Office,2,38.63,77.26,2025-12-20 05:04:00
1595,CUST-0053,"Luna Robinson","Superstrike 2 USB-C Dongle",Electronics,1,16.83,16.83,2025-12-17 21:01:00
1596,CUST-0114,"Noah Smith","CloudStep Running Shoes",Apparel,1,112.23,112.23,2026-01-23 05:02:00
1597,CUST-0176,"Mia Allen","AllWeather Zip Hoodie",Apparel,2,59.27,118.54,2026-02-08 10:03:00
1598,CUST-0136,"Elijah Allen","QuickCharge 65W USB-C Adapter",Electronics,1,37.11,37.11,2026-01-09 02:16:00
1599,CUST-0022,"Ethan Davis","Superstrike 2 USB-C Dongle",Electronics,3,17.2,51.6,2026-01-16 06:08:00
1600,CUST-0150,"Isabella Anderson","CableBox Organizer",Home & Office,1,15.76,15.76,2026-02-06 19:07:00
1601,CUST-0147,"Amelia King","SteelWeave USB-C Cable 6ft",Accessories,4,16.87,67.48,2026-02-14 16:55:00
1602,CUST-0101,"Jack Clark","MechForce TKL Keyboard",Electronics,1,96.77,96.77,2026-01-24 21:20:00
1603,CUST-0163,"Mason Green","SoundPulse ANC Headphones",Electronics,3,161.99,485.97,2026-02-15 16:04:00
1604,CUST-0064,"Logan Anderson","StreamDeck Mini Controller",Electronics,2,54.08,108.16,2026-02-15 17:16:00
1605,CUST-0076,"Henry Davis","FlexMount Monitor Arm",Electronics,2,45.53,91.06,2026-01-08 21:25:00
1606,CUST-0196,"Daniel Young","CableBox Organizer",Home & Office,3,21.85,65.55,2026-01-17 09:34:00
1607,CUST-0055,"Noah Lewis","LumiBar LED Desk Lamp",Home & Office,1,40.74,40.74,2026-02-13 07:07:00
1608,CUST-0093,"Jack Williams","LumiBar LED Desk Lamp",Home & Office,1,30.28,30.28,2026-02-10 11:49:00
1609,CUST-0039,"Elijah Scott","CableBox Organizer",Home & Office,1,15.91,15.91,2026-02-15 23:32:00
1610,CUST-0047,"Mason Kim","PowerBank 20000mAh",Accessories,2,41.13,82.26,2026-01-07 07:20:00
1611,CUST-0031,"Olivia Chen","ThermoMug Smart Warmer",Home & Office,1,36.19,36.19,2026-01-28 20:20:00
1612,CUST-0029,"Sebastian Moore","Superstrike 2 Wireless Mouse",Electronics,4,61.25,245,2026-01-19 02:27:00
1613,CUST-0119,"Amelia Taylor","FlexFit Joggers",Apparel,4,51.8,207.2,2025-12-14 12:23:00
1614,CUST-0014,"Ava Young","QuickCharge 65W USB-C Adapter",Electronics,4,44.85,179.4,2026-02-15 20:25:00
1615,CUST-0170,"Aiden Wright","ThermoMug Smart Warmer",Home & Office,4,27.61,110.44,2025-12-31 13:12:00
1616,CUST-0194,"Ella Miller","SnapLens Webcam Cover 3-Pack",Accessories,1,8.16,8.16,2026-02-15 00:18:00
1617,CUST-0194,"Ella Miller","StreamDeck Mini Controller",Electronics,2,50.58,101.16,2025-12-30 20:58:00
1618,CUST-0145,"Ethan Green","CableBox Organizer",Home & Office,1,20.85,20.85,2025-12-27 06:40:00
1619,CUST-0003,"Ava Thomas","MechForce TKL Keyboard",Electronics,1,109.95,109.95,2025-12-05 00:30:00
1620,CUST-0009,"Alex Clark","Superstrike 2 USB-C Dongle",Electronics,2,19.14,38.28,2026-02-05 14:43:00
1621,CUST-0125,"Evelyn Taylor","AirPure Mini Humidifier",Home & Office,2,25.12,50.24,2025-12-08 20:14:00
1622,CUST-0177,"Ella Robinson","AirPure Mini Humidifier",Home & Office,1,30.09,30.09,2025-11-19 08:02:00
1623,CUST-0096,"Ella King","Superstrike 2 Wireless Mouse",Electronics,4,72.39,289.56,2025-12-02 20:06:00
1624,CUST-0052,"Lily Johnson","Superstrike 2 Mousepad XL",Electronics,2,31.42,62.84,2026-01-11 22:49:00
1625,CUST-0038,"Olivia Adams","CableBox Organizer",Home & Office,1,14.79,14.79,2025-11-20 02:47:00
1626,CUST-0075,"Mia Miller","GlideWrist Ergonomic Wrist Rest",Accessories,3,22.03,66.09,2025-12-25 18:31:00
1627,CUST-0168,"Grace Lee","FlexMount Monitor Arm",Electronics,2,41.2,82.4,2025-12-29 06:24:00
1628,CUST-0057,"Logan Wright","ThermoMug Smart Warmer",Home & Office,3,35.26,105.78,2025-12-27 03:32:00
1629,CUST-0032,"Lucas Anderson","Superstrike 2 USB-C Dongle",Electronics,2,17.34,34.68,2026-01-12 11:34:00
1630,CUST-0066,"Luna Walker","AirPure Mini Humidifier",Home & Office,1,33.33,33.33,2025-12-21 14:56:00
1631,CUST-0088,"Jack Taylor","ClearView 27in Monitor",Electronics,1,259.93,259.93,2025-11-28 11:41:00
1632,CUST-0033,"Logan Wright","PowerBank 20000mAh",Accessories,2,42.38,84.76,2026-02-16 08:41:00
1633,CUST-0164,"Aiden Jones","GlideWrist Ergonomic Wrist Rest",Accessories,1,19.69,19.69,2026-02-13 14:45:00
1634,CUST-0035,"Sebastian Jones","SoundPulse ANC Headphones",Electronics,3,166.29,498.87,2026-01-27 05:31:00
1635,CUST-0068,"Lucas Chen","SnapLens Webcam Cover 3-Pack",Accessories,2,9.94,19.88,2025-12-25 02:53:00
1636,CUST-0073,"Mia Taylor","ClearView 27in Monitor",Electronics,2,264.36,528.72,2026-02-09 09:36:00
1637,CUST-0145,"Ethan Green","Superstrike 2 Mousepad XL",Electronics,2,26.24,52.48,2026-02-11 14:14:00
1638,CUST-0080,"Mason Davis","PixelClean Screen Wipes 50ct",Accessories,3,9.02,27.06,2026-02-10 00:25:00
1639,CUST-0107,"Isabella King","QuickCharge 65W USB-C Adapter",Electronics,3,32.59,97.77,2025-12-31 17:20:00
1640,CUST-0015,"Amelia Chen","FlexFit Joggers",Apparel,1,61.74,61.74,2026-02-11 03:12:00
1641,CUST-0108,"Noah Miller","CloudStep Running Shoes",Apparel,3,108.46,325.38,2025-12-25 06:15:00
1642,CUST-0035,"Sebastian Jones","CloudStep Running Shoes",Apparel,1,97.84,97.84,2026-01-22 01:54:00
1643,CUST-0031,"Olivia Chen","PixelClean Screen Wipes 50ct",Accessories,1,8.83,8.83,2026-02-16 11:56:00
1644,CUST-0161,"Logan Wright","Superstrike 2 Mousepad XL",Electronics,1,33.89,33.89,2026-01-27 05:47:00
1645,CUST-0041,"Lucas Harris","GlideWrist Ergonomic Wrist Rest",Accessories,2,19.44,38.88,2026-01-17 04:47:00
1646,CUST-0006,"Sophia Wright","FlexFit Joggers",Apparel,1,64.09,64.09,2026-01-28 08:13:00
1647,CUST-0035,"Sebastian Jones","SteelWeave USB-C Cable 6ft",Accessories,3,16.98,50.94,2025-11-21 16:39:00
1648,CUST-0080,"Mason Davis","ThermoMug Smart Warmer",Home & Office,1,39.66,39.66,2025-11-26 18:16:00
1649,CUST-0189,"Alex Scott","TitanGrip Phone Case",Accessories,3,24.31,72.93,2026-01-01 19:48:00
1650,CUST-0071,"Noah Johnson","FlexFit Joggers",Apparel,3,50.9,152.7,2026-02-13 23:59:00
1651,CUST-0077,"Aiden Clark","PowerBank 20000mAh",Accessories,1,46.75,46.75,2026-02-15 13:31:00
1652,CUST-0006,"Sophia Wright","TitanGrip Phone Case",Accessories,2,24.02,48.04,2026-01-30 16:23:00
1653,CUST-0155,"Isabella Clark","SnapLens Webcam Cover 3-Pack",Accessories,3,5.33,15.99,2026-02-13 14:58:00
1654,CUST-0011,"Ella Smith","CableBox Organizer",Home & Office,1,19.09,19.09,2026-02-08 18:13:00
1655,CUST-0197,"Mia Williams","StreamDeck Mini Controller",Electronics,1,69.54,69.54,2026-01-09 04:13:00
1656,CUST-0007,"Daniel Davis","ClearView 27in Monitor",Electronics,1,254.76,254.76,2025-11-22 03:20:00
1657,CUST-0105,"Alex Miller","SoundPulse ANC Headphones",Electronics,1,158.37,158.37,2025-12-19 11:46:00
1658,CUST-0081,"Alex Williams","Superstrike 2 Mousepad XL",Electronics,2,32.54,65.08,2025-12-26 16:43:00
1659,CUST-0083,"Isabella Kim","TitanGrip Phone Case",Accessories,2,20.46,40.92,2026-01-13 00:44:00
1660,CUST-0158,"Isabella Wright","CableBox Organizer",Home & Office,2,15.5,31,2025-12-12 00:40:00
1661,CUST-0183,"Liam Clark","SoundPulse ANC Headphones",Electronics,3,135.81,407.43,2026-02-13 20:18:00
1662,CUST-0014,"Ava Young","CloudStep Running Shoes",Apparel,2,102.62,205.24,2026-01-25 09:30:00
1663,CUST-0075,"Mia Miller","ErgoRise Standing Desk Mat",Home & Office,2,58.65,117.3,2026-02-12 15:43:00
1664,CUST-0019,"Emma Smith","SoundPulse ANC Headphones",Electronics,2,156.2,312.4,2026-02-15 00:15:00
1665,CUST-0077,"Aiden Clark","AllWeather Zip Hoodie",Apparel,3,62.45,187.35,2025-12-13 04:01:00
1666,CUST-0025,"Mason Jones","StreamDeck Mini Controller",Electronics,1,54.08,54.08,2025-12-07 08:52:00
1667,CUST-0104,"Charlotte Wright","Superstrike 2 Wireless Mouse",Electronics,2,66.37,132.74,2026-01-28 18:52:00
1668,CUST-0063,"Grace Williams","Superstrike 2 Wireless Mouse",Electronics,3,72.7,218.1,2025-12-28 03:42:00
1669,CUST-0178,"Liam Chen","TitanGrip Phone Case",Accessories,1,17.37,17.37,2026-01-13 16:06:00
1670,CUST-0180,"Mason King","Superstrike 2 USB-C Dongle",Electronics,1,19.53,19.53,2026-01-29 05:46:00
1671,CUST-0049,"Chloe Scott","PowerBank 20000mAh",Accessories,2,49.86,99.72,2026-01-31 18:35:00
1672,CUST-0025,"Mason Jones","PixelClean Screen Wipes 50ct",Accessories,4,8.08,32.32,2026-01-05 14:19:00
1673,CUST-0010,"James Anderson","SnapLens Webcam Cover 3-Pack",Accessories,2,7.26,14.52,2026-01-03 22:27:00
1674,CUST-0029,"Sebastian Moore","AllWeather Zip Hoodie",Apparel,2,76.63,153.26,2025-11-27 05:39:00
1675,CUST-0105,"Alex Miller","ErgoRise Standing Desk Mat",Home & Office,2,53.47,106.94,2026-02-08 04:33:00
1676,CUST-0120,"Aiden Taylor","AirPure Mini Humidifier",Home & Office,3,33.66,100.98,2026-01-04 21:47:00
1677,CUST-0015,"Amelia Chen","AirPure Mini Humidifier",Home & Office,1,32.16,32.16,2026-02-03 01:06:00
1678,CUST-0168,"Grace Lee","FlexFit Joggers",Apparel,1,52.42,52.42,2025-12-05 00:22:00
1679,CUST-0133,"Elijah Garcia","CableBox Organizer",Home & Office,3,16.01,48.03,2025-12-17 02:47:00
1680,CUST-0163,"Mason Green","AirPure Mini Humidifier",Home & Office,1,22.73,22.73,2026-01-23 10:27:00
1681,CUST-0010,"James Anderson","PixelClean Screen Wipes 50ct",Accessories,1,11.21,11.21,2026-02-07 20:47:00
1682,CUST-0094,"Mia Lee","TitanGrip Phone Case",Accessories,1,19.41,19.41,2026-01-01 05:47:00
1683,CUST-0100,"Daniel Adams","CloudStep Running Shoes",Apparel,3,100.18,300.54,2026-01-21 11:56:00
1684,CUST-0187,"Aiden Harris","SnapLens Webcam Cover 3-Pack",Accessories,3,7.87,23.61,2026-02-11 14:32:00
1685,CUST-0157,"Mia Wright","TitanGrip Phone Case",Accessories,1,26.83,26.83,2026-01-21 19:33:00
1686,CUST-0163,"Mason Green","FlexMount Monitor Arm",Electronics,3,41.01,123.03,2025-12-08 22:29:00
1687,CUST-0057,"Logan Wright","GlideWrist Ergonomic Wrist Rest",Accessories,3,16.01,48.03,2026-02-13 10:01:00
1688,CUST-0059,"Mia Kim","PowerBank 20000mAh",Accessories,2,37.27,74.54,2025-11-27 23:36:00
1689,CUST-0171,"Alex Moore","ErgoRise Standing Desk Mat",Home & Office,1,51.68,51.68,2025-12-29 00:04:00
1690,CUST-0038,"Olivia Adams","PixelClean Screen Wipes 50ct",Accessories,3,8.97,26.91,2025-12-12 09:02:00
1691,CUST-0196,"Daniel Young","FlexMount Monitor Arm",Electronics,3,36.4,109.2,2025-12-07 11:05:00
1692,CUST-0121,"Oliver Davis","NanoHub 7-Port USB Hub",Electronics,1,28.92,28.92,2025-11-25 12:42:00
1693,CUST-0030,"Sebastian Patel","GlideWrist Ergonomic Wrist Rest",Accessories,1,16.47,16.47,2025-12-30 08:24:00
1694,CUST-0028,"Grace Garcia","SoundPulse ANC Headphones",Electronics,3,163.97,491.91,2026-01-18 21:43:00
1695,CUST-0082,"Ava Robinson","Superstrike 2 Mousepad XL",Electronics,1,33.53,33.53,2026-01-21 14:33:00
1696,CUST-0177,"Ella Robinson","TitanGrip Phone Case",Accessories,4,25.79,103.16,2026-02-13 10:31:00
1697,CUST-0049,"Chloe Scott","MechForce TKL Keyboard",Electronics,2,118.38,236.76,2025-12-14 00:12:00
1698,CUST-0094,"Mia Lee","AllWeather Zip Hoodie",Apparel,2,79.43,158.86,2025-12-31 20:40:00
1699,CUST-0066,"Luna Walker","LumiBar LED Desk Lamp",Home & Office,4,47.39,189.56,2026-01-22 02:15:00
1700,CUST-0120,"Aiden Taylor","AllWeather Zip Hoodie",Apparel,1,78.4,78.4,2026-02-03 23:56:00
1701,CUST-0188,"Olivia Young","StreamDeck Mini Controller",Electronics,1,53.36,53.36,2026-01-03 16:01:00
1702,CUST-0159,"Oliver Miller","DryFit Performance Tee",Apparel,1,33.13,33.13,2026-01-17 04:18:00
1703,CUST-0143,"Lucas Jones","AirPure Mini Humidifier",Home & Office,1,27.59,27.59,2025-12-07 19:12:00
1704,CUST-0139,"Emma Brown","CloudStep Running Shoes",Apparel,2,119.28,238.56,2026-02-06 23:33:00
1705,CUST-0068,"Lucas Chen","AllWeather Zip Hoodie",Apparel,1,60.07,60.07,2026-01-03 16:09:00
1706,CUST-0159,"Oliver Miller","Superstrike 2 Wireless Mouse",Electronics,4,68.15,272.6,2026-02-02 16:57:00
1707,CUST-0019,"Emma Smith","Superstrike 2 USB-C Dongle",Electronics,3,15.32,45.96,2026-02-14 09:36:00
1708,CUST-0083,"Isabella Kim","SnapLens Webcam Cover 3-Pack",Accessories,1,8.33,8.33,2026-01-31 21:01:00
1709,CUST-0138,"Liam Garcia","AirPure Mini Humidifier",Home & Office,3,23.7,71.1,2026-01-07 23:51:00
1710,CUST-0016,"Ava King","TitanGrip Phone Case",Accessories,1,23.84,23.84,2026-02-07 00:29:00
1711,CUST-0200,"Chloe Moore","SnapLens Webcam Cover 3-Pack",Accessories,2,9.08,18.16,2025-12-23 04:36:00
1712,CUST-0071,"Noah Johnson","ErgoRise Standing Desk Mat",Home & Office,1,46.59,46.59,2026-02-15 07:58:00
1713,CUST-0099,"Amelia Robinson","PowerBank 20000mAh",Accessories,2,37.02,74.04,2025-12-20 01:45:00
1714,CUST-0048,"Alex Davis","MechForce TKL Keyboard",Electronics,2,119.51,239.02,2025-11-19 21:28:00
1715,CUST-0190,"Olivia Smith","PowerBank 20000mAh",Accessories,2,43.25,86.5,2025-12-03 05:40:00
1716,CUST-0122,"Isabella Patel","Superstrike 2 Wireless Mouse",Electronics,3,72.33,216.99,2026-01-16 23:10:00
1717,CUST-0003,"Ava Thomas","GlideWrist Ergonomic Wrist Rest",Accessories,4,15.22,60.88,2025-11-20 00:28:00
1718,CUST-0120,"Aiden Taylor","MechForce TKL Keyboard",Electronics,1,119.89,119.89,2026-01-30 13:20:00
1719,CUST-0078,"Elijah Harris","AllWeather Zip Hoodie",Apparel,1,57.86,57.86,2025-11-25 21:58:00
1720,CUST-0052,"Lily Johnson","SoundPulse ANC Headphones",Electronics,2,161.53,323.06,2025-12-09 18:25:00
1721,CUST-0019,"Emma Smith","Superstrike 2 USB-C Dongle",Electronics,3,19.1,57.3,2026-01-12 11:44:00
1722,CUST-0048,"Alex Davis","PowerBank 20000mAh",Accessories,3,43,129,2025-12-24 08:55:00
1723,CUST-0094,"Mia Lee","QuickCharge 65W USB-C Adapter",Electronics,2,42.9,85.8,2025-12-21 22:40:00
1724,CUST-0049,"Chloe Scott","CloudStep Running Shoes",Apparel,3,101.7,305.1,2026-02-15 19:50:00
1725,CUST-0148,"Sebastian Robinson","PowerBank 20000mAh",Accessories,1,38.82,38.82,2025-12-27 11:07:00
1726,CUST-0184,"Sophia Anderson","SteelWeave USB-C Cable 6ft",Accessories,3,15.29,45.87,2026-02-15 21:24:00
1727,CUST-0025,"Mason Jones","FlexMount Monitor Arm",Electronics,3,53.44,160.32,2026-01-04 19:07:00
1728,CUST-0001,"Logan Taylor","Superstrike 2 Wireless Mouse",Electronics,4,77.92,311.68,2025-12-10 14:04:00
1729,CUST-0163,"Mason Green","AirPure Mini Humidifier",Home & Office,4,23.12,92.48,2026-02-03 23:37:00
1730,CUST-0163,"Mason Green","NanoHub 7-Port USB Hub",Electronics,3,23.96,71.88,2025-11-25 07:14:00
1731,CUST-0132,"Ethan Walker","Superstrike 2 Mousepad XL",Electronics,2,25.88,51.76,2025-12-21 09:37:00
1732,CUST-0040,"Charlotte Harris","AllWeather Zip Hoodie",Apparel,2,72.36,144.72,2025-12-27 16:17:00
1733,CUST-0045,"Lily Wright","DryFit Performance Tee",Apparel,4,28.61,114.44,2026-02-11 01:28:00
1734,CUST-0025,"Mason Jones","CloudStep Running Shoes",Apparel,4,102.65,410.6,2025-12-31 09:21:00
1735,CUST-0106,"Sebastian Clark","SoundPulse ANC Headphones",Electronics,2,171.04,342.08,2026-01-14 02:26:00
1736,CUST-0071,"Noah Johnson","FlexFit Joggers",Apparel,1,57.85,57.85,2026-01-18 23:11:00
1737,CUST-0161,"Logan Wright","Superstrike 2 USB-C Dongle",Electronics,2,17.91,35.82,2026-02-16 04:06:00
1738,CUST-0055,"Noah Lewis","TitanGrip Phone Case",Accessories,3,25.91,77.73,2025-12-23 07:45:00
1739,CUST-0022,"Ethan Davis","CloudStep Running Shoes",Apparel,3,107.02,321.06,2026-02-15 19:58:00
1740,CUST-0091,"Henry Taylor","PowerBank 20000mAh",Accessories,2,36.79,73.58,2026-02-10 14:33:00
1741,CUST-0085,"Harper Williams","Superstrike 2 Mousepad XL",Electronics,4,31.35,125.4,2026-01-31 07:25:00
1742,CUST-0030,"Sebastian Patel","PixelClean Screen Wipes 50ct",Accessories,1,10.82,10.82,2026-02-15 05:44:00
1743,CUST-0124,"Amelia Lee","CableBox Organizer",Home & Office,2,16.57,33.14,2026-01-30 15:34:00
1744,CUST-0156,"Alex King","SnapLens Webcam Cover 3-Pack",Accessories,2,7.24,14.48,2026-01-10 23:27:00
1745,CUST-0115,"Mason Taylor","Superstrike 2 USB-C Dongle",Electronics,1,16.75,16.75,2026-01-22 02:56:00
1746,CUST-0015,"Amelia Chen","ClearView 27in Monitor",Electronics,2,307.4,614.8,2026-02-05 06:46:00
1747,CUST-0188,"Olivia Young","StreamDeck Mini Controller",Electronics,1,66.54,66.54,2026-02-13 22:02:00
1748,CUST-0011,"Ella Smith","CloudStep Running Shoes",Apparel,3,119.12,357.36,2025-12-06 03:10:00
1749,CUST-0187,"Aiden Harris","LumiBar LED Desk Lamp",Home & Office,1,33.5,33.5,2025-12-30 19:09:00
1750,CUST-0148,"Sebastian Robinson","AllWeather Zip Hoodie",Apparel,1,67.1,67.1,2025-12-20 17:10:00
1751,CUST-0130,"Liam Allen","QuickCharge 65W USB-C Adapter",Electronics,3,37,111,2025-12-24 19:37:00
1752,CUST-0063,"Grace Williams","ErgoRise Standing Desk Mat",Home & Office,4,47.86,191.44,2025-11-20 14:04:00
1753,CUST-0048,"Alex Davis","StreamDeck Mini Controller",Electronics,2,62.63,125.26,2025-12-04 20:31:00
1754,CUST-0050,"Liam Anderson","DryFit Performance Tee",Apparel,2,32,64,2026-01-11 09:28:00
1755,CUST-0051,"Jack Kim","SteelWeave USB-C Cable 6ft",Accessories,3,13.68,41.04,2025-12-03 14:17:00
1756,CUST-0094,"Mia Lee","StreamDeck Mini Controller",Electronics,3,67.75,203.25,2026-01-20 04:42:00
1757,CUST-0156,"Alex King","CableBox Organizer",Home & Office,1,16.17,16.17,2026-01-07 09:22:00
1758,CUST-0140,"Alex Robinson","ThermoMug Smart Warmer",Home & Office,3,32.07,96.21,2025-11-30 10:32:00
1759,CUST-0168,"Grace Lee","QuickCharge 65W USB-C Adapter",Electronics,1,44.29,44.29,2026-01-17 04:12:00
1760,CUST-0013,"Mason Smith","FlexFit Joggers",Apparel,4,60.19,240.76,2026-01-28 18:21:00
1761,CUST-0199,"Noah Garcia","SoundPulse ANC Headphones",Electronics,1,146.65,146.65,2026-02-03 21:25:00
1762,CUST-0010,"James Anderson","AirPure Mini Humidifier",Home & Office,3,24.37,73.11,2025-12-16 03:38:00
1763,CUST-0051,"Jack Kim","AllWeather Zip Hoodie",Apparel,1,77.37,77.37,2025-11-23 03:00:00
1764,CUST-0046,"Oliver Lee","ErgoRise Standing Desk Mat",Home & Office,3,57.37,172.11,2025-12-07 16:20:00
1765,CUST-0099,"Amelia Robinson","StreamDeck Mini Controller",Electronics,1,58.43,58.43,2026-01-06 18:28:00
1766,CUST-0119,"Amelia Taylor","ThermoMug Smart Warmer",Home & Office,1,31.96,31.96,2026-02-06 00:34:00
1767,CUST-0197,"Mia Williams","MechForce TKL Keyboard",Electronics,1,102.8,102.8,2026-01-30 14:46:00
1768,CUST-0118,"Ava Lewis","Superstrike 2 USB-C Dongle",Electronics,3,19.06,57.18,2025-12-13 17:37:00
1769,CUST-0178,"Liam Chen","PowerBank 20000mAh",Accessories,2,48.64,97.28,2025-11-19 12:00:00
1770,CUST-0022,"Ethan Davis","DryFit Performance Tee",Apparel,1,29.41,29.41,2026-02-07 08:30:00
1771,CUST-0071,"Noah Johnson","FlexMount Monitor Arm",Electronics,2,46.2,92.4,2026-01-05 10:17:00
1772,CUST-0190,"Olivia Smith","FlexMount Monitor Arm",Electronics,2,48.81,97.62,2025-12-09 14:44:00
1773,CUST-0153,"Elijah Adams","LumiBar LED Desk Lamp",Home & Office,3,47.82,143.46,2025-11-22 19:48:00
1774,CUST-0176,"Mia Allen","SteelWeave USB-C Cable 6ft",Accessories,3,13.64,40.92,2026-02-16 02:26:00
1775,CUST-0061,"James Hall","FlexFit Joggers",Apparel,4,53.82,215.28,2025-12-28 13:42:00
1776,CUST-0169,"Aiden Garcia","FlexMount Monitor Arm",Electronics,2,42.79,85.58,2025-12-27 16:38:00
1777,CUST-0020,"Elijah Harris","LumiBar LED Desk Lamp",Home & Office,2,36.91,73.82,2026-02-04 19:42:00
1778,CUST-0190,"Olivia Smith","Superstrike 2 Wireless Mouse",Electronics,1,76.57,76.57,2026-02-15 18:12:00
1779,CUST-0093,"Jack Williams","Superstrike 2 USB-C Dongle",Electronics,1,15,15,2025-11-21 16:49:00
1780,CUST-0123,"Amelia Jones","AllWeather Zip Hoodie",Apparel,2,75.51,151.02,2026-02-04 22:54:00
1781,CUST-0065,"Ava Smith","AllWeather Zip Hoodie",Apparel,3,72.92,218.76,2025-11-19 19:04:00
1782,CUST-0133,"Elijah Garcia","GlideWrist Ergonomic Wrist Rest",Accessories,1,19.35,19.35,2025-12-19 09:02:00
1783,CUST-0164,"Aiden Jones","SoundPulse ANC Headphones",Electronics,3,143.57,430.71,2026-01-01 06:00:00
1784,CUST-0002,"Ella Robinson","ClearView 27in Monitor",Electronics,2,348.75,697.5,2025-12-11 08:18:00
1785,CUST-0077,"Aiden Clark","AirPure Mini Humidifier",Home & Office,3,34.83,104.49,2025-12-31 03:05:00
1786,CUST-0023,"Daniel King","DryFit Performance Tee",Apparel,1,31.97,31.97,2026-02-11 20:11:00
1787,CUST-0159,"Oliver Miller","PixelClean Screen Wipes 50ct",Accessories,2,11.67,23.34,2026-01-01 18:36:00
1788,CUST-0064,"Logan Anderson","SnapLens Webcam Cover 3-Pack",Accessories,3,6.99,20.97,2026-01-06 19:07:00
1789,CUST-0044,"Ella Robinson","PixelClean Screen Wipes 50ct",Accessories,3,11.26,33.78,2026-01-28 06:33:00
1790,CUST-0196,"Daniel Young","SteelWeave USB-C Cable 6ft",Accessories,1,15.36,15.36,2026-02-16 01:53:00
1791,CUST-0169,"Aiden Garcia","ThermoMug Smart Warmer",Home & Office,2,33.56,67.12,2026-01-24 16:31:00
1792,CUST-0043,"Mason Taylor","FlexFit Joggers",Apparel,1,45.16,45.16,2026-01-16 05:38:00
1793,CUST-0003,"Ava Thomas","AirPure Mini Humidifier",Home & Office,1,34.34,34.34,2026-01-15 08:00:00
1794,CUST-0196,"Daniel Young","ThermoMug Smart Warmer",Home & Office,1,33.13,33.13,2025-12-30 16:27:00
1795,CUST-0146,"Sebastian Brown","SoundPulse ANC Headphones",Electronics,1,139.58,139.58,2026-01-17 13:33:00
1796,CUST-0024,"Amelia Williams","FlexMount Monitor Arm",Electronics,1,37.15,37.15,2026-01-28 15:32:00
1797,CUST-0004,"Mason Clark","Superstrike 2 Mousepad XL",Electronics,4,26.44,105.76,2025-12-02 21:46:00
1798,CUST-0004,"Mason Clark","AllWeather Zip Hoodie",Apparel,4,72.32,289.28,2026-01-13 01:31:00
1799,CUST-0090,"Amelia King","NanoHub 7-Port USB Hub",Electronics,4,24.1,96.4,2025-12-20 16:45:00
1800,CUST-0011,"Ella Smith","MechForce TKL Keyboard",Electronics,2,92.9,185.8,2026-02-04 16:31:00
1801,CUST-0112,"Charlotte Walker","ErgoRise Standing Desk Mat",Home & Office,3,58.23,174.69,2025-12-04 21:52:00
1802,CUST-0080,"Mason Davis","SoundPulse ANC Headphones",Electronics,1,166.84,166.84,2025-12-27 08:28:00
1803,CUST-0037,"Amelia Allen","StreamDeck Mini Controller",Electronics,2,62.46,124.92,2026-02-16 10:29:00
1804,CUST-0194,"Ella Miller","LumiBar LED Desk Lamp",Home & Office,4,45.07,180.28,2025-11-23 13:01:00
1805,CUST-0136,"Elijah Allen","DryFit Performance Tee",Apparel,3,28.86,86.58,2026-02-15 17:18:00
1806,CUST-0026,"Liam Lewis","ClearView 27in Monitor",Electronics,3,317.17,951.51,2026-01-25 23:47:00
1807,CUST-0082,"Ava Robinson","MechForce TKL Keyboard",Electronics,3,102.2,306.6,2026-01-18 02:01:00
1808,CUST-0116,"Harper Walker","SoundPulse ANC Headphones",Electronics,2,151.15,302.3,2026-02-14 06:17:00
1809,CUST-0125,"Evelyn Taylor","TitanGrip Phone Case",Accessories,1,22.5,22.5,2026-02-09 04:31:00
1810,CUST-0032,"Lucas Anderson","QuickCharge 65W USB-C Adapter",Electronics,4,34.57,138.28,2026-01-23 20:52:00
1811,CUST-0188,"Olivia Young","ErgoRise Standing Desk Mat",Home & Office,3,41.17,123.51,2026-02-12 21:47:00
1812,CUST-0151,"Daniel Lee","QuickCharge 65W USB-C Adapter",Electronics,4,30.54,122.16,2026-01-14 07:41:00
1813,CUST-0142,"James Wilson","Superstrike 2 Wireless Mouse",Electronics,4,70.66,282.64,2026-01-19 06:17:00
1814,CUST-0066,"Luna Walker","FlexFit Joggers",Apparel,2,51.96,103.92,2026-02-15 23:25:00
1815,CUST-0087,"Luna Scott","ThermoMug Smart Warmer",Home & Office,4,27.67,110.68,2026-01-06 10:56:00
1816,CUST-0126,"Noah Chen","CloudStep Running Shoes",Apparel,2,93.45,186.9,2026-01-31 07:22:00
1817,CUST-0142,"James Wilson","TitanGrip Phone Case",Accessories,3,20.78,62.34,2026-02-11 23:25:00
1818,CUST-0128,"Liam Wright","Superstrike 2 Mousepad XL",Electronics,2,29.56,59.12,2026-02-08 02:19:00
1819,CUST-0146,"Sebastian Brown","SteelWeave USB-C Cable 6ft",Accessories,1,16.85,16.85,2026-02-14 10:15:00
1820,CUST-0144,"Jack Lee","Superstrike 2 USB-C Dongle",Electronics,3,17.77,53.31,2026-02-01 22:26:00
1821,CUST-0037,"Amelia Allen","FlexFit Joggers",Apparel,3,63.19,189.57,2026-01-11 23:27:00
1822,CUST-0059,"Mia Kim","DryFit Performance Tee",Apparel,3,29.66,88.98,2026-02-05 23:42:00
1823,CUST-0174,"Emma Johnson","TitanGrip Phone Case",Accessories,1,18.72,18.72,2026-01-11 02:22:00
1824,CUST-0009,"Alex Clark","TitanGrip Phone Case",Accessories,3,24.8,74.4,2025-12-21 11:48:00
1825,CUST-0177,"Ella Robinson","SoundPulse ANC Headphones",Electronics,3,134.36,403.08,2026-02-11 10:17:00
1826,CUST-0154,"Lily Hall","FlexFit Joggers",Apparel,1,61.34,61.34,2025-11-27 10:08:00
1827,CUST-0032,"Lucas Anderson","PowerBank 20000mAh",Accessories,4,36.28,145.12,2026-01-16 03:19:00
1828,CUST-0177,"Ella Robinson","ErgoRise Standing Desk Mat",Home & Office,1,43.81,43.81,2026-02-03 04:42:00
1829,CUST-0036,"Luna Johnson","SoundPulse ANC Headphones",Electronics,1,148.49,148.49,2025-12-02 14:03:00
1830,CUST-0199,"Noah Garcia","ErgoRise Standing Desk Mat",Home & Office,2,58.95,117.9,2025-11-20 06:14:00
1831,CUST-0074,"Oliver Robinson","SteelWeave USB-C Cable 6ft",Accessories,1,15.58,15.58,2026-01-26 12:31:00
1832,CUST-0061,"James Hall","CableBox Organizer",Home & Office,3,16.56,49.68,2026-02-08 03:53:00
1833,CUST-0118,"Ava Lewis","Superstrike 2 Wireless Mouse",Electronics,3,63.07,189.21,2026-01-06 23:22:00
1834,CUST-0084,"Isabella Smith","SoundPulse ANC Headphones",Electronics,1,155.83,155.83,2026-02-03 12:35:00
1835,CUST-0058,"Isabella Young","SteelWeave USB-C Cable 6ft",Accessories,4,10.17,40.68,2026-02-01 23:55:00
1836,CUST-0136,"Elijah Allen","AirPure Mini Humidifier",Home & Office,1,27.94,27.94,2026-02-14 07:50:00
1837,CUST-0092,"Noah Clark","FlexMount Monitor Arm",Electronics,3,45.71,137.13,2026-02-03 14:40:00
1838,CUST-0196,"Daniel Young","SteelWeave USB-C Cable 6ft",Accessories,1,14.45,14.45,2026-01-06 03:41:00
1839,CUST-0030,"Sebastian Patel","Superstrike 2 USB-C Dongle",Electronics,3,15.39,46.17,2026-01-17 06:17:00
1840,CUST-0053,"Luna Robinson","Superstrike 2 Wireless Mouse",Electronics,1,60.14,60.14,2026-02-11 16:37:00
1841,CUST-0108,"Noah Miller","SteelWeave USB-C Cable 6ft",Accessories,2,16.64,33.28,2026-02-12 01:24:00
1842,CUST-0030,"Sebastian Patel","ErgoRise Standing Desk Mat",Home & Office,2,56.36,112.72,2026-01-26 03:40:00
1843,CUST-0101,"Jack Clark","TitanGrip Phone Case",Accessories,1,24.72,24.72,2026-02-09 07:10:00
1844,CUST-0056,"Lucas Williams","Superstrike 2 Wireless Mouse",Electronics,3,67.58,202.74,2026-01-21 15:22:00
1845,CUST-0191,"James Miller","CloudStep Running Shoes",Apparel,2,91.01,182.02,2025-11-27 11:27:00
1846,CUST-0133,"Elijah Garcia","AllWeather Zip Hoodie",Apparel,4,72.28,289.12,2025-12-11 14:03:00
1847,CUST-0138,"Liam Garcia","MechForce TKL Keyboard",Electronics,1,106.63,106.63,2026-01-29 20:42:00
1848,CUST-0109,"James Garcia","FlexFit Joggers",Apparel,3,58.83,176.49,2026-02-13 05:54:00
1849,CUST-0143,"Lucas Jones","ErgoRise Standing Desk Mat",Home & Office,1,55.32,55.32,2026-02-15 15:17:00
1850,CUST-0056,"Lucas Williams","PowerBank 20000mAh",Accessories,1,47.21,47.21,2026-01-20 10:17:00
1851,CUST-0053,"Luna Robinson","DryFit Performance Tee",Apparel,2,33.88,67.76,2025-12-21 10:54:00
1852,CUST-0073,"Mia Taylor","PowerBank 20000mAh",Accessories,2,41.66,83.32,2026-01-16 07:17:00
1853,CUST-0020,"Elijah Harris","GlideWrist Ergonomic Wrist Rest",Accessories,1,24.49,24.49,2026-02-13 01:39:00
1854,CUST-0127,"Noah Green","MechForce TKL Keyboard",Electronics,4,99.97,399.88,2025-12-11 06:06:00
1855,CUST-0043,"Mason Taylor","SnapLens Webcam Cover 3-Pack",Accessories,1,9.16,9.16,2026-02-14 11:47:00
1856,CUST-0118,"Ava Lewis","ErgoRise Standing Desk Mat",Home & Office,3,54.08,162.24,2026-01-28 22:05:00
1857,CUST-0017,"Aiden Allen","ErgoRise Standing Desk Mat",Home & Office,3,44.6,133.8,2026-02-15 04:05:00
1858,CUST-0117,"Chloe Young","NanoHub 7-Port USB Hub",Electronics,1,27.53,27.53,2025-12-30 02:01:00
1859,CUST-0074,"Oliver Robinson","Superstrike 2 Mousepad XL",Electronics,2,28.36,56.72,2025-12-29 22:56:00
1860,CUST-0030,"Sebastian Patel","AllWeather Zip Hoodie",Apparel,1,66.77,66.77,2025-12-06 22:49:00
1861,CUST-0172,"Charlotte Clark","NanoHub 7-Port USB Hub",Electronics,3,29.9,89.7,2026-02-10 04:48:00
1862,CUST-0016,"Ava King","FlexMount Monitor Arm",Electronics,3,41.41,124.23,2026-02-03 09:43:00
1863,CUST-0038,"Olivia Adams","CloudStep Running Shoes",Apparel,2,98.21,196.42,2025-12-05 18:35:00
1864,CUST-0136,"Elijah Allen","CableBox Organizer",Home & Office,1,14.34,14.34,2026-02-01 05:13:00
1865,CUST-0162,"Alex Patel","CloudStep Running Shoes",Apparel,3,101.61,304.83,2025-12-03 12:30:00
1866,CUST-0020,"Elijah Harris","NanoHub 7-Port USB Hub",Electronics,3,26.42,79.26,2026-02-15 16:47:00
1867,CUST-0142,"James Wilson","Superstrike 2 Wireless Mouse",Electronics,4,74.66,298.64,2025-11-26 15:16:00
1868,CUST-0059,"Mia Kim","NanoHub 7-Port USB Hub",Electronics,3,26.3,78.9,2025-12-03 16:36:00
1869,CUST-0014,"Ava Young","CableBox Organizer",Home & Office,1,13.65,13.65,2026-02-07 23:29:00
1870,CUST-0020,"Elijah Harris","AllWeather Zip Hoodie",Apparel,1,65.05,65.05,2026-01-13 03:54:00
1871,CUST-0103,"Harper Miller","AllWeather Zip Hoodie",Apparel,4,56.68,226.72,2026-02-05 21:05:00
1872,CUST-0133,"Elijah Garcia","MechForce TKL Keyboard",Electronics,1,126.97,126.97,2025-12-29 00:20:00
1873,CUST-0165,"Logan Young","Superstrike 2 Mousepad XL",Electronics,2,30.3,60.6,2025-12-06 19:55:00
1874,CUST-0136,"Elijah Allen","Superstrike 2 USB-C Dongle",Electronics,3,15.9,47.7,2026-02-08 12:06:00
1875,CUST-0046,"Oliver Lee","PixelClean Screen Wipes 50ct",Accessories,1,11,11,2025-12-23 00:22:00
1876,CUST-0199,"Noah Garcia","DryFit Performance Tee",Apparel,2,32.53,65.06,2026-01-15 10:11:00
1877,CUST-0050,"Liam Anderson","QuickCharge 65W USB-C Adapter",Electronics,1,43.35,43.35,2026-01-27 12:17:00
1878,CUST-0134,"Sebastian Hall","CloudStep Running Shoes",Apparel,2,108.34,216.68,2026-02-15 17:50:00
1879,CUST-0002,"Ella Robinson","QuickCharge 65W USB-C Adapter",Electronics,4,35.56,142.24,2026-01-19 23:50:00
1880,CUST-0162,"Alex Patel","TitanGrip Phone Case",Accessories,1,18.26,18.26,2025-12-05 01:33:00
1881,CUST-0131,"Emma Wilson","QuickCharge 65W USB-C Adapter",Electronics,3,35.19,105.57,2026-02-13 06:08:00
1882,CUST-0015,"Amelia Chen","Superstrike 2 Wireless Mouse",Electronics,3,77.28,231.84,2026-02-09 22:46:00
1883,CUST-0195,"Evelyn Chen","DryFit Performance Tee",Apparel,1,26.45,26.45,2026-01-26 22:20:00
1884,CUST-0140,"Alex Robinson","PowerBank 20000mAh",Accessories,3,41.3,123.9,2025-12-17 21:55:00
1885,CUST-0115,"Mason Taylor","CloudStep Running Shoes",Apparel,4,109.47,437.88,2026-01-24 19:02:00
1886,CUST-0159,"Oliver Miller","CloudStep Running Shoes",Apparel,2,96.14,192.28,2026-02-02 03:11:00
1887,CUST-0003,"Ava Thomas","AllWeather Zip Hoodie",Apparel,1,77.64,77.64,2025-12-07 03:19:00
1888,CUST-0017,"Aiden Allen","PixelClean Screen Wipes 50ct",Accessories,2,10.92,21.84,2026-01-31 02:27:00
1889,CUST-0110,"Evelyn Walker","PowerBank 20000mAh",Accessories,3,48.75,146.25,2026-01-15 03:14:00
1890,CUST-0062,"Evelyn Wright","StreamDeck Mini Controller",Electronics,2,57.19,114.38,2026-01-28 11:20:00
1891,CUST-0162,"Alex Patel","TitanGrip Phone Case",Accessories,2,25.63,51.26,2025-11-22 21:06:00
1892,CUST-0176,"Mia Allen","DryFit Performance Tee",Apparel,2,27.74,55.48,2025-12-05 23:12:00
1893,CUST-0177,"Ella Robinson","PixelClean Screen Wipes 50ct",Accessories,1,8.07,8.07,2025-11-30 08:51:00
1894,CUST-0046,"Oliver Lee","SnapLens Webcam Cover 3-Pack",Accessories,3,8.56,25.68,2025-12-23 09:37:00
1895,CUST-0020,"Elijah Harris","CableBox Organizer",Home & Office,3,16.75,50.25,2026-01-24 05:51:00
1896,CUST-0197,"Mia Williams","Superstrike 2 Wireless Mouse",Electronics,2,65.27,130.54,2026-01-25 23:52:00
1897,CUST-0167,"Ava King","NanoHub 7-Port USB Hub",Electronics,2,23.45,46.9,2026-01-10 17:30:00
1898,CUST-0121,"Oliver Davis","AllWeather Zip Hoodie",Apparel,1,69.22,69.22,2026-01-21 03:52:00
1899,CUST-0110,"Evelyn Walker","StreamDeck Mini Controller",Electronics,1,67.15,67.15,2026-01-11 21:19:00
1900,CUST-0016,"Ava King","CloudStep Running Shoes",Apparel,2,115.09,230.18,2026-01-01 08:48:00
1901,CUST-0120,"Aiden Taylor","FlexMount Monitor Arm",Electronics,1,51.07,51.07,2026-02-05 20:40:00
1902,CUST-0092,"Noah Clark","ThermoMug Smart Warmer",Home & Office,1,39.12,39.12,2026-01-17 15:13:00
1903,CUST-0118,"Ava Lewis","StreamDeck Mini Controller",Electronics,1,51.75,51.75,2026-02-06 10:03:00
1904,CUST-0184,"Sophia Anderson","FlexMount Monitor Arm",Electronics,1,54.72,54.72,2025-11-24 18:10:00
1905,CUST-0153,"Elijah Adams","PixelClean Screen Wipes 50ct",Accessories,3,8.59,25.77,2026-02-12 08:30:00
1906,CUST-0107,"Isabella King","AirPure Mini Humidifier",Home & Office,2,21.97,43.94,2026-02-02 13:03:00
1907,CUST-0122,"Isabella Patel","FlexFit Joggers",Apparel,2,59.15,118.3,2025-12-27 11:25:00
1908,CUST-0031,"Olivia Chen","CableBox Organizer",Home & Office,3,15.94,47.82,2026-01-28 12:54:00
1909,CUST-0073,"Mia Taylor","PixelClean Screen Wipes 50ct",Accessories,3,7.63,22.89,2025-11-19 16:06:00
1910,CUST-0178,"Liam Chen","QuickCharge 65W USB-C Adapter",Electronics,2,37.56,75.12,2025-12-02 15:53:00
1911,CUST-0141,"Elijah Adams","TitanGrip Phone Case",Accessories,3,16.33,48.99,2025-12-02 19:30:00
1912,CUST-0002,"Ella Robinson","AirPure Mini Humidifier",Home & Office,1,26.17,26.17,2026-02-13 09:20:00
1913,CUST-0025,"Mason Jones","AllWeather Zip Hoodie",Apparel,3,76.6,229.8,2025-11-27 00:05:00
1914,CUST-0114,"Noah Smith","SnapLens Webcam Cover 3-Pack",Accessories,2,7.45,14.9,2026-01-02 22:25:00
1915,CUST-0119,"Amelia Taylor","ClearView 27in Monitor",Electronics,2,332.03,664.06,2025-12-17 10:48:00
1916,CUST-0086,"Aiden Wilson","DryFit Performance Tee",Apparel,2,32.01,64.02,2025-12-26 06:58:00
1917,CUST-0004,"Mason Clark","TitanGrip Phone Case",Accessories,3,29.23,87.69,2026-02-11 10:38:00
1918,CUST-0043,"Mason Taylor","SoundPulse ANC Headphones",Electronics,3,178.87,536.61,2026-02-12 10:01:00
1919,CUST-0011,"Ella Smith","StreamDeck Mini Controller",Electronics,4,58.68,234.72,2026-02-15 04:32:00
1920,CUST-0164,"Aiden Jones","PixelClean Screen Wipes 50ct",Accessories,1,9.38,9.38,2025-11-19 01:58:00
1921,CUST-0164,"Aiden Jones","SnapLens Webcam Cover 3-Pack",Accessories,2,8.11,16.22,2026-01-28 07:13:00
1922,CUST-0021,"Sophia Lewis","QuickCharge 65W USB-C Adapter",Electronics,1,35.02,35.02,2025-12-26 12:04:00
1923,CUST-0010,"James Anderson","Superstrike 2 Mousepad XL",Electronics,1,29.09,29.09,2026-02-11 06:12:00
1924,CUST-0041,"Lucas Harris","SoundPulse ANC Headphones",Electronics,1,178.6,178.6,2025-12-17 02:56:00
1925,CUST-0079,"Sophia Davis","MechForce TKL Keyboard",Electronics,1,128.99,128.99,2026-01-31 16:40:00
1926,CUST-0037,"Amelia Allen","DryFit Performance Tee",Apparel,3,28.76,86.28,2026-01-30 13:09:00
1927,CUST-0162,"Alex Patel","FlexFit Joggers",Apparel,1,51.69,51.69,2025-12-12 03:17:00
1928,CUST-0034,"Liam Walker","DryFit Performance Tee",Apparel,1,27.32,27.32,2025-12-06 20:30:00
1929,CUST-0043,"Mason Taylor","ThermoMug Smart Warmer",Home & Office,2,29.35,58.7,2026-01-25 19:04:00
1930,CUST-0137,"Amelia Johnson","StreamDeck Mini Controller",Electronics,2,52.98,105.96,2026-01-24 06:56:00
1931,CUST-0130,"Liam Allen","SteelWeave USB-C Cable 6ft",Accessories,1,16.52,16.52,2026-02-03 23:53:00
1932,CUST-0089,"Noah Wright","ErgoRise Standing Desk Mat",Home & Office,1,47.6,47.6,2025-12-10 15:59:00
1933,CUST-0028,"Grace Garcia","NanoHub 7-Port USB Hub",Electronics,2,27.65,55.3,2026-02-15 15:06:00
1934,CUST-0163,"Mason Green","ClearView 27in Monitor",Electronics,3,254.27,762.81,2025-11-26 03:08:00
1935,CUST-0014,"Ava Young","QuickCharge 65W USB-C Adapter",Electronics,2,30.62,61.24,2026-01-27 23:51:00
1936,CUST-0176,"Mia Allen","FlexMount Monitor Arm",Electronics,3,45.69,137.07,2026-01-01 09:50:00
1937,CUST-0105,"Alex Miller","ClearView 27in Monitor",Electronics,2,329.39,658.78,2026-02-15 14:29:00
1938,CUST-0103,"Harper Miller","StreamDeck Mini Controller",Electronics,1,55.44,55.44,2026-01-23 16:57:00
1939,CUST-0119,"Amelia Taylor","ErgoRise Standing Desk Mat",Home & Office,1,50.2,50.2,2025-12-27 07:18:00
1940,CUST-0106,"Sebastian Clark","CloudStep Running Shoes",Apparel,1,104.19,104.19,2025-11-28 10:15:00
1941,CUST-0045,"Lily Wright","Superstrike 2 Wireless Mouse",Electronics,2,65.88,131.76,2025-12-10 10:04:00
1942,CUST-0095,"Lily Anderson","GlideWrist Ergonomic Wrist Rest",Accessories,1,23.49,23.49,2026-02-16 04:13:00
1943,CUST-0004,"Mason Clark","Superstrike 2 USB-C Dongle",Electronics,1,18.17,18.17,2026-01-31 19:18:00
1944,CUST-0178,"Liam Chen","AirPure Mini Humidifier",Home & Office,1,21.96,21.96,2025-12-04 01:25:00
1945,CUST-0032,"Lucas Anderson","ErgoRise Standing Desk Mat",Home & Office,3,49.63,148.89,2026-01-09 07:09:00
1946,CUST-0195,"Evelyn Chen","LumiBar LED Desk Lamp",Home & Office,3,40.92,122.76,2026-01-02 06:24:00
1947,CUST-0159,"Oliver Miller","ThermoMug Smart Warmer",Home & Office,3,29.15,87.45,2026-01-05 14:55:00
1948,CUST-0192,"Sophia Williams","ClearView 27in Monitor",Electronics,2,296.78,593.56,2025-11-19 01:53:00
1949,CUST-0190,"Olivia Smith","CloudStep Running Shoes",Apparel,1,109.12,109.12,2025-12-09 13:35:00
1950,CUST-0078,"Elijah Harris","AllWeather Zip Hoodie",Apparel,3,79.74,239.22,2026-01-19 10:43:00
1951,CUST-0024,"Amelia Williams","Superstrike 2 USB-C Dongle",Electronics,3,17.55,52.65,2026-02-08 16:48:00
1952,CUST-0199,"Noah Garcia","MechForce TKL Keyboard",Electronics,4,126.29,505.16,2025-12-25 08:49:00
1953,CUST-0044,"Ella Robinson","PixelClean Screen Wipes 50ct",Accessories,3,10.98,32.94,2026-02-15 23:27:00
1954,CUST-0130,"Liam Allen","FlexMount Monitor Arm",Electronics,1,49.37,49.37,2026-02-13 01:37:00
1955,CUST-0070,"Harper Adams","ErgoRise Standing Desk Mat",Home & Office,3,55.08,165.24,2026-02-08 21:14:00
1956,CUST-0140,"Alex Robinson","ThermoMug Smart Warmer",Home & Office,3,35.47,106.41,2025-11-24 07:30:00
1957,CUST-0119,"Amelia Taylor","PixelClean Screen Wipes 50ct",Accessories,3,8.04,24.12,2026-01-13 02:37:00
1958,CUST-0140,"Alex Robinson","ClearView 27in Monitor",Electronics,1,321.79,321.79,2026-01-03 22:57:00
1959,CUST-0091,"Henry Taylor","SnapLens Webcam Cover 3-Pack",Accessories,2,8.51,17.02,2025-12-19 15:53:00
1960,CUST-0095,"Lily Anderson","Superstrike 2 USB-C Dongle",Electronics,2,16.63,33.26,2026-02-14 22:40:00
1961,CUST-0015,"Amelia Chen","CableBox Organizer",Home & Office,1,19.52,19.52,2025-12-01 14:41:00
1962,CUST-0027,"Alex Robinson","QuickCharge 65W USB-C Adapter",Electronics,3,41.27,123.81,2025-12-04 05:17:00
1963,CUST-0052,"Lily Johnson","PowerBank 20000mAh",Accessories,3,49.82,149.46,2026-01-15 00:27:00
1964,CUST-0057,"Logan Wright","CableBox Organizer",Home & Office,1,19.84,19.84,2026-01-07 09:46:00
1965,CUST-0157,"Mia Wright","AllWeather Zip Hoodie",Apparel,4,66.79,267.16,2025-12-23 13:17:00
1966,CUST-0126,"Noah Chen","ClearView 27in Monitor",Electronics,1,258.98,258.98,2025-12-07 06:42:00
1967,CUST-0138,"Liam Garcia","CloudStep Running Shoes",Apparel,3,101.3,303.9,2025-12-30 06:44:00
1968,CUST-0010,"James Anderson","DryFit Performance Tee",Apparel,4,32.86,131.44,2026-01-03 04:16:00
1969,CUST-0127,"Noah Green","Superstrike 2 USB-C Dongle",Electronics,1,19.15,19.15,2025-12-28 03:52:00
1970,CUST-0090,"Amelia King","QuickCharge 65W USB-C Adapter",Electronics,1,42.97,42.97,2025-11-29 02:51:00
1971,CUST-0111,"Sebastian Wright","SteelWeave USB-C Cable 6ft",Accessories,1,13.46,13.46,2026-02-07 06:46:00
1972,CUST-0092,"Noah Clark","MechForce TKL Keyboard",Electronics,1,103.31,103.31,2026-01-13 19:49:00
1973,CUST-0069,"Ethan Adams","PowerBank 20000mAh",Accessories,1,40.08,40.08,2026-01-09 06:27:00
1974,CUST-0012,"Harper Chen","Superstrike 2 USB-C Dongle",Electronics,2,18.35,36.7,2025-12-16 23:02:00
1975,CUST-0074,"Oliver Robinson","Superstrike 2 Mousepad XL",Electronics,1,30.36,30.36,2026-02-07 19:11:00
1976,CUST-0187,"Aiden Harris","StreamDeck Mini Controller",Electronics,2,69.11,138.22,2026-01-20 10:41:00
1977,CUST-0089,"Noah Wright","Superstrike 2 Wireless Mouse",Electronics,3,65.42,196.26,2026-02-10 09:36:00
1978,CUST-0107,"Isabella King","SteelWeave USB-C Cable 6ft",Accessories,4,11.25,45,2026-01-26 15:57:00
1979,CUST-0200,"Chloe Moore","DryFit Performance Tee",Apparel,3,31.59,94.77,2026-01-05 05:10:00
1980,CUST-0146,"Sebastian Brown","MechForce TKL Keyboard",Electronics,3,111.29,333.87,2026-01-19 00:29:00
1981,CUST-0080,"Mason Davis","AllWeather Zip Hoodie",Apparel,1,59.59,59.59,2025-12-26 12:46:00
1982,CUST-0105,"Alex Miller","SoundPulse ANC Headphones",Electronics,2,156.87,313.74,2026-02-12 19:03:00
1983,CUST-0153,"Elijah Adams","PixelClean Screen Wipes 50ct",Accessories,1,9.23,9.23,2026-02-01 04:47:00
1984,CUST-0102,"Ella King","CloudStep Running Shoes",Apparel,2,100.46,200.92,2025-11-24 11:00:00
1985,CUST-0019,"Emma Smith","MechForce TKL Keyboard",Electronics,3,91.04,273.12,2026-01-26 20:28:00
1986,CUST-0143,"Lucas Jones","FlexMount Monitor Arm",Electronics,2,54.79,109.58,2026-02-13 21:39:00
1987,CUST-0110,"Evelyn Walker","CloudStep Running Shoes",Apparel,2,98.76,197.52,2025-11-26 20:12:00
1988,CUST-0086,"Aiden Wilson","MechForce TKL Keyboard",Electronics,4,107.47,429.88,2025-12-14 01:35:00
1989,CUST-0077,"Aiden Clark","CableBox Organizer",Home & Office,1,16.22,16.22,2025-11-21 10:20:00
1990,CUST-0182,"Henry Miller","MechForce TKL Keyboard",Electronics,4,113.61,454.44,2026-01-24 19:15:00
1991,CUST-0049,"Chloe Scott","Superstrike 2 USB-C Dongle",Electronics,3,19.3,57.9,2026-01-06 06:46:00
1992,CUST-0038,"Olivia Adams","Superstrike 2 Wireless Mouse",Electronics,4,66.32,265.28,2026-01-21 13:01:00
1993,CUST-0090,"Amelia King","LumiBar LED Desk Lamp",Home & Office,3,49.58,148.74,2026-01-06 07:03:00
1994,CUST-0118,"Ava Lewis","Superstrike 2 USB-C Dongle",Electronics,3,19.41,58.23,2026-02-11 15:57:00
1995,CUST-0156,"Alex King","SteelWeave USB-C Cable 6ft",Accessories,1,11.66,11.66,2026-01-22 16:37:00
1996,CUST-0176,"Mia Allen","CableBox Organizer",Home & Office,3,13.05,39.15,2025-12-11 11:44:00
1997,CUST-0162,"Alex Patel","ErgoRise Standing Desk Mat",Home & Office,2,57.61,115.22,2026-02-09 21:06:00
1998,CUST-0090,"Amelia King","SteelWeave USB-C Cable 6ft",Accessories,1,15.66,15.66,2025-11-22 21:33:00
1999,CUST-0123,"Amelia Jones","FlexFit Joggers",Apparel,3,45.42,136.26,2026-01-30 12:24:00
2000,CUST-0163,"Mason Green","CloudStep Running Shoes",Apparel,2,112.76,225.52,2025-11-22 22:37:00
